<?xml version="1.0" encoding="UTF-8" standalone="yes"?>
<events>
<!-- start of npc spawns                    start --> 
    <event name="StaticMan">
        <nominal>2</nominal>
        <min>2</min>
        <max>2</max>
        <lifetime>300</lifetime>
        <restock>30</restock>
        <saferadius>0</saferadius>
        <distanceradius>0</distanceradius>
        <cleanupradius>0</cleanupradius>
        <flags deletable="0" init_random="0" remove_damaged="1"/>
        <position>fixed</position>
        <limit>child</limit>
        <active>1</active>
        <children>
	        <child lootmax="0" lootmin="0" max="2" min="2" type="SurvivorM_Mirek"/>
        </children>
    </event>
    <event name="StaticMan51">
        <nominal>1</nominal>
        <min>1</min>
        <max>1</max>
        <lifetime>300</lifetime>
        <restock>30</restock>
        <saferadius>0</saferadius>
        <distanceradius>0</distanceradius>
        <cleanupradius>0</cleanupradius>
        <flags deletable="0" init_random="0" remove_damaged="1"/>
        <position>fixed</position>
        <limit>child</limit>
        <active>1</active>
        <children>
	        <child lootmax="0" lootmin="0" max="1" min="1" type="SurvivorM_Taiki"/>
        </children>/
    </event>
    <event name="StaticMan52">
        <nominal>2</nominal>
        <min>2</min>
        <max>2</max>
        <lifetime>300</lifetime>
        <restock>30</restock>
        <saferadius>0</saferadius>
        <distanceradius>0</distanceradius>
        <cleanupradius>0</cleanupradius>
        <flags deletable="0" init_random="0" remove_damaged="1"/>
        <position>fixed</position>
        <limit>child</limit>
        <active>1</active>
        <children>
	        <child lootmax="0" lootmin="0" max="2" min="2" type="SurvivorM_Lewis"/>
        </children>
        </event>
	    <event name="StaticMan3"> <!--blue-->
        <nominal>1</nominal>
        <min>1</min>
        <max>1</max>
        <lifetime>300</lifetime>
        <restock>30</restock>
        <saferadius>0</saferadius>
        <distanceradius>0</distanceradius>
        <cleanupradius>1</cleanupradius>
        <flags deletable="0" init_random="0" remove_damaged="1"/>
        <position>fixed</position>
        <limit>child</limit>
        <active>1</active>
        <children>
	        <child lootmax="0" lootmin="0" max="1" min="1" type="SurvivorM_Hassan"/>
        </children>
    </event>
	    <event name="StaticMan11"> <!--blue-->
        <nominal>1</nominal>
        <min>1</min>
        <max>1</max>
        <lifetime>300</lifetime>
        <restock>30</restock>
        <saferadius>0</saferadius>
        <distanceradius>0</distanceradius>
        <cleanupradius>1</cleanupradius>
        <flags deletable="0" init_random="0" remove_damaged="1"/>
        <position>fixed</position>
        <limit>child</limit>
        <active>1</active>
        <children>
	        <child lootmax="0" lootmin="0" max="1" min="1" type="SurvivorF_Eva"/>
        </children>
    </event>
	    <event name="StaticMan9">
        <nominal>3</nominal>
        <min>3</min>
        <max>3</max>
        <lifetime>30000</lifetime>
        <restock>3</restock>
        <saferadius>0</saferadius>
        <distanceradius>0</distanceradius>
        <cleanupradius>1</cleanupradius>
        <flags deletable="0" init_random="0" remove_damaged="1"/>
        <position>fixed</position>
        <limit>child</limit>
        <active>1</active>
        <children>
	        <child lootmax="0" lootmin="0" max="3" min="3" type="SurvivorM_Guo"/> 
        </children>
    </event>
		<event name="StaticMan4">
        <nominal>1</nominal>
        <min>1</min>
        <max>1</max>
        <lifetime>300</lifetime>
        <restock>30</restock>
        <saferadius>0</saferadius>
        <distanceradius>0</distanceradius>
        <cleanupradius>1</cleanupradius>
        <flags deletable="0" init_random="0" remove_damaged="1"/>
        <position>fixed</position>
        <limit>child</limit>
        <active>1</active>
        <children>
	        <child lootmax="0" lootmin="0" max="1" min="1" type="SurvivorM_Kaito"/>
        </children>
    </event>
		<event name="StaticMan6">
        <nominal>1</nominal>
        <min>1</min>
        <max>1</max>
        <lifetime>300</lifetime>
        <restock>0</restock>
        <saferadius>0</saferadius>
        <distanceradius>0</distanceradius>
        <cleanupradius>1</cleanupradius>
        <flags deletable="0" init_random="0" remove_damaged="1"/>
        <position>fixed</position>
        <limit>child</limit>
        <active>1</active>
        <children>
	        <child lootmax="0" lootmin="0" max="1" min="1" type="SurvivorM_Elias"/>
        </children>
    </event>
		<event name="StaticMan10">
        <nominal>1</nominal>
        <min>1</min>
        <max>1</max>
        <lifetime>300</lifetime>
        <restock>0</restock>
        <saferadius>0</saferadius>
        <distanceradius>0</distanceradius>
        <cleanupradius>1</cleanupradius>
        <flags deletable="0" init_random="0" remove_damaged="1"/>
        <position>fixed</position>
        <limit>child</limit>
        <active>1</active>
        <children>
	        <child lootmax="0" lootmin="0" max="1" min="1" type="SurvivorM_Seth"/>
        </children>
    </event>
		<event name="StaticMan12"> <!--blue-->
        <nominal>1</nominal>
        <min>1</min>
        <max>1</max>
        <lifetime>300</lifetime>
        <restock>0</restock>
        <saferadius>0</saferadius>
        <distanceradius>0</distanceradius>
        <cleanupradius>1</cleanupradius>
        <flags deletable="0" init_random="0" remove_damaged="1"/>
        <position>fixed</position>
        <limit>child</limit>
        <active>1</active>
        <children>
	        <child lootmax="0" lootmin="0" max="1" min="1" type="SurvivorM_Seth"/>
        </children>
    </event>
		<event name="StaticMan45">
        <nominal>1</nominal>
        <min>1</min>
        <max>1</max>
        <lifetime>300</lifetime>
        <restock>0</restock>
        <saferadius>0</saferadius>
        <distanceradius>0</distanceradius>
        <cleanupradius>1</cleanupradius>
        <flags deletable="0" init_random="0" remove_damaged="1"/>
        <position>fixed</position>
        <limit>child</limit>
        <active>1</active>
        <children>
	        <child lootmax="0" lootmin="0" max="1" min="1" type="SurvivorM_Kaito"/>
        </children>
    </event>
		<event name="StaticMan46">
        <nominal>2</nominal>
        <min>2</min>
        <max>2</max>
        <lifetime>300</lifetime>
        <restock>0</restock>
        <saferadius>0</saferadius>
        <distanceradius>0</distanceradius>
        <cleanupradius>1</cleanupradius>
        <flags deletable="0" init_random="0" remove_damaged="1"/>
        <position>fixed</position>
        <limit>child</limit>
        <active>1</active>
        <children>
	        <child lootmax="0" lootmin="0" max="2" min="2" type="SurvivorM_Indar"/>
        </children>
    </event>
		<event name="StaticMan48">
        <nominal>2</nominal>
        <min>2</min>
        <max>2</max>
        <lifetime>300</lifetime>
        <restock>0</restock>
        <saferadius>0</saferadius>
        <distanceradius>0</distanceradius>
        <cleanupradius>1</cleanupradius>
        <flags deletable="0" init_random="0" remove_damaged="1"/>
        <position>fixed</position>
        <limit>child</limit>
        <active>1</active>
        <children>
	        <child lootmax="0" lootmin="0" max="2" min="2" type="SurvivorM_Manua"/>
        </children>
    </event>
        <event name="StaticMan50">
        <nominal>2</nominal>
        <min>2</min>
        <max>2</max>
        <lifetime>300</lifetime>
        <restock>30</restock>
        <saferadius>0</saferadius>
        <distanceradius>0</distanceradius>
        <cleanupradius>1</cleanupradius>
        <flags deletable="0" init_random="0" remove_damaged="1"/>
        <position>fixed</position>
        <limit>child</limit>
        <active>1</active>
        <children>
	        <child lootmax="0" lootmin="0" max="2" min="2" type="SurvivorF_Maria"/>
        </children>
        </event>
    <!--npc end                                end -->
	<!-- vehicle start                         start-->
	<event name="Vehicle_Custom1">
        <nominal>1</nominal>
        <min>1</min>
        <max>1</max>
        <lifetime>900</lifetime>
        <restock>0</restock>
        <saferadius>5</saferadius>
        <distanceradius>5</distanceradius>
        <cleanupradius>0</cleanupradius>
        <flags deletable="0" init_random="0" remove_damaged="1"/>
        <position>fixed</position>
        <limit>parent</limit>
        <active>1</active>
        <children>
            <child lootmax="0" lootmin="0" max="1" min="1" type="CivilianSedan_Black"/>
        </children>
    </event> 
	<event name="Vehicle_Custom15">
        <nominal>1</nominal>
        <min>1</min>
        <max>1</max>
        <lifetime>900</lifetime>
        <restock>0</restock>
        <saferadius>5</saferadius>
        <distanceradius>5</distanceradius>
        <cleanupradius>0</cleanupradius>
        <flags deletable="0" init_random="0" remove_damaged="1"/>
        <position>fixed</position>
        <limit>parent</limit>
        <active>1</active>
        <children>
            <child lootmax="0" lootmin="0" max="1" min="1" type="CivilianSedan_Black"/>
        </children>
    </event> 
	<event name="Vehicle_Custom402">
        <nominal>1</nominal>
        <min>1</min>
        <max>1</max>
        <lifetime>900</lifetime>
        <restock>0</restock>
        <saferadius>5</saferadius>
        <distanceradius>5</distanceradius>
        <cleanupradius>0</cleanupradius>
        <flags deletable="0" init_random="0" remove_damaged="1"/>
        <position>fixed</position>
        <limit>parent</limit>
        <active>1</active>
        <children>
            <child lootmax="0" lootmin="0" max="1" min="1" type="CivilianSedan_Black"/>
        </children>
    </event>
	  <event name="Vehicle_Custom">
        <nominal>1</nominal>
        <min>1</min>
        <max>1</max>
        <lifetime>900</lifetime>
        <restock>0</restock>
        <saferadius>5</saferadius>
        <distanceradius>5</distanceradius>
        <cleanupradius>0</cleanupradius>
        <flags deletable="0" init_random="0" remove_damaged="1"/>
        <position>fixed</position>
        <limit>parent</limit>
        <active>1</active>
        <children>
            <child lootmax="0" lootmin="0" max="1" min="1" type="Truck_01_Covered"/>
        </children>
    </event>
		  <event name="Vehicle_Custom16">
        <nominal>1</nominal>
        <min>1</min>
        <max>1</max>
        <lifetime>900</lifetime>
        <restock>0</restock>
        <saferadius>5</saferadius>
        <distanceradius>5</distanceradius>
        <cleanupradius>0</cleanupradius>
        <flags deletable="0" init_random="0" remove_damaged="1"/>
        <position>fixed</position>
        <limit>parent</limit>
        <active>1</active>
        <children>
            <child lootmax="0" lootmin="0" max="1" min="1" type="Truck_01_Covered"/>
        </children>
    </event>
	  <event name="Vehicle_Custom20">
        <nominal>1</nominal>
        <min>1</min>
        <max>1</max>
        <lifetime>900</lifetime>
        <restock>0</restock>
        <saferadius>5</saferadius>
        <distanceradius>5</distanceradius>
        <cleanupradius>0</cleanupradius>
        <flags deletable="0" init_random="0" remove_damaged="1"/>
        <position>fixed</position>
        <limit>parent</limit>
        <active>1</active>
        <children>
            <child lootmax="0" lootmin="0" max="1" min="1" type="OffroadHatchback_White"/>
        </children>
    </event>
	  <event name="Vehicle_Custom5">
        <nominal>1</nominal>
        <min>1</min>
        <max>1</max>
        <lifetime>900</lifetime>
        <restock>0</restock>
        <saferadius>5</saferadius>
        <distanceradius>5</distanceradius>
        <cleanupradius>0</cleanupradius>
        <flags deletable="0" init_random="0" remove_damaged="1"/>
        <position>fixed</position>
        <limit>parent</limit>
        <active>1</active>
        <children>
            <child lootmax="0" lootmin="0" max="1" min="1" type="Truck_01_Covered"/>
        </children>
    </event>
	  <event name="Vehicle_Custom6">
        <nominal>1</nominal>
        <min>1</min>
        <max>1</max>
        <lifetime>900</lifetime>
        <restock>0</restock>
        <saferadius>5</saferadius>
        <distanceradius>5</distanceradius>
        <cleanupradius>0</cleanupradius>
        <flags deletable="0" init_random="0" remove_damaged="1"/>
        <position>fixed</position>
        <limit>parent</limit>
        <active>1</active>
        <children>
            <child lootmax="0" lootmin="0" max="1" min="1" type="Truck_01_Covered"/>
        </children>
    </event>
		<event name="Vehicle_Custom7">
        <nominal>1</nominal>
        <min>1</min>
        <max>1</max>
        <lifetime>900</lifetime>
        <restock>0</restock>
        <saferadius>5</saferadius>
        <distanceradius>5</distanceradius>
        <cleanupradius>0</cleanupradius>
        <flags deletable="0" init_random="0" remove_damaged="1"/>
        <position>fixed</position>
        <limit>parent</limit>
        <active>1</active>
        <children>
            <child lootmax="0" lootmin="0" max="1" min="1" type="Truck_01_Covered"/>
        </children>
    </event>
	  <event name="Vehicle_Custom3">
        <nominal>1</nominal>
        <min>1</min>
        <max>1</max>
        <lifetime>900</lifetime>
        <restock>0</restock>
        <saferadius>5</saferadius>
        <distanceradius>5</distanceradius>
        <cleanupradius>0</cleanupradius>
        <flags deletable="0" init_random="0" remove_damaged="1"/>
        <position>fixed</position>
        <limit>parent</limit>
        <active>1</active>
        <children>
            <child lootmax="0" lootmin="0" max="1" min="1" type="CivilianSedan_Black"/>
        </children>
    </event>
		  <event name="Vehicle_Custom8">
        <nominal>1</nominal>
        <min>1</min>
        <max>1</max>
        <lifetime>900</lifetime>
        <restock>0</restock>
        <saferadius>5</saferadius>
        <distanceradius>5</distanceradius>
        <cleanupradius>0</cleanupradius>
        <flags deletable="0" init_random="0" remove_damaged="1"/>
        <position>fixed</position>
        <limit>parent</limit>
        <active>1</active>
        <children>
            <child lootmax="0" lootmin="0" max="1" min="1" type="OffroadHatchback_Blue"/>
        </children>
    </event>
		  <event name="Vehicle_Custom9">
        <nominal>1</nominal>
        <min>1</min>
        <max>1</max>
        <lifetime>900</lifetime>
        <restock>0</restock>
        <saferadius>5</saferadius>
        <distanceradius>5</distanceradius>
        <cleanupradius>0</cleanupradius>
        <flags deletable="0" init_random="0" remove_damaged="1"/>
        <position>fixed</position>
        <limit>parent</limit>
        <active>1</active>
        <children>
            <child lootmax="0" lootmin="0" max="1" min="1" type="Truck_01_Covered"/>
        </children>
    </event>
		<event name="Vehicle_Custom10">
        <nominal>1</nominal>
        <min>1</min>
        <max>1</max>
        <lifetime>900</lifetime>
        <restock>0</restock>
        <saferadius>5</saferadius>
        <distanceradius>5</distanceradius>
        <cleanupradius>0</cleanupradius>
        <flags deletable="0" init_random="0" remove_damaged="1"/>
        <position>fixed</position>
        <limit>parent</limit>
        <active>1</active>
        <children>
            <child lootmax="0" lootmin="0" max="1" min="1" type="Truck_01_Covered"/>
        </children>
    </event>
		<event name="Vehicle_Custom12">
        <nominal>1</nominal>
        <min>1</min>
        <max>1</max>
        <lifetime>900</lifetime>
        <restock>0</restock>
        <saferadius>5</saferadius>
        <distanceradius>5</distanceradius>
        <cleanupradius>0</cleanupradius>
        <flags deletable="0" init_random="0" remove_damaged="1"/>
        <position>fixed</position>
        <limit>parent</limit>
        <active>1</active>
        <children>
            <child lootmax="0" lootmin="0" max="1" min="1" type="VehicleTruck02"/>
        </children>
    </event>
		<event name="Vehicle_Custom40">
        <nominal>1</nominal>
        <min>1</min>
        <max>1</max>
        <lifetime>900</lifetime>
        <restock>0</restock>
        <saferadius>5</saferadius>
        <distanceradius>5</distanceradius>
        <cleanupradius>0</cleanupradius>
        <flags deletable="0" init_random="0" remove_damaged="1"/>
        <position>fixed</position>
        <limit>parent</limit>
        <active>1</active>
        <children>
            <child lootmax="0" lootmin="0" max="1" min="1" type="CivilianSedan_Black"/>
        </children>
    </event>
		<event name="Vehicle_Custom49">
        <nominal>1</nominal>
        <min>1</min>
        <max>1</max>
        <lifetime>900</lifetime>
        <restock>0</restock>
        <saferadius>5</saferadius>
        <distanceradius>5</distanceradius>
        <cleanupradius>0</cleanupradius>
        <flags deletable="0" init_random="0" remove_damaged="1"/>
        <position>fixed</position>
        <limit>parent</limit>
        <active>1</active>
        <children>
            <child lootmax="0" lootmin="0" max="1" min="1" type="Truck_01_Covered"/>
        </children>
    </event>
	<event name="StaticBuildingWell">
        <nominal>1</nominal>
        <min>1</min>
        <max>1</max>
        <lifetime>300000</lifetime>
        <restock>1</restock>
        <saferadius>0</saferadius>
        <distanceradius>0</distanceradius>
        <cleanupradius>0</cleanupradius>
        <flags deletable="0" init_random="0" remove_damaged="1"/>
        <position>fixed</position> 
        <limit>child</limit>
        <active>1</active>
        <children>
	        <child lootmax="0" lootmin="0" max="3" min="1" type="Land_Misc_Well_Pump_Yellow"/>
        </children>
    </event>
	<!--end of vehicle custom spawns            end-->
	<!-- custom building and wells start        start-->
	<event name="StaticBuilding38">
        <nominal>1</nominal>
        <min>1</min>
        <max>1</max>
        <lifetime>300000</lifetime>
        <restock>1</restock>
        <saferadius>0</saferadius>
        <distanceradius>0</distanceradius>
        <cleanupradius>0</cleanupradius>
        <flags deletable="0" init_random="0" remove_damaged="1"/>
        <position>fixed</position> 
        <limit>child</limit>
        <active>1</active>
        <children>
	        <child lootmax="0" lootmin="0" max="3" min="1" type="Land_Misc_Well_Pump_Yellow"/>
        </children>
    </event>
		<event name="StaticBuilding101">
        <nominal>1</nominal>
        <min>1</min>
        <max>1</max>
        <lifetime>300000</lifetime>
        <restock>1</restock>
        <saferadius>0</saferadius>
        <distanceradius>0</distanceradius>
        <cleanupradius>0</cleanupradius>
        <flags deletable="0" init_random="0" remove_damaged="1"/>
        <position>fixed</position> 
        <limit>child</limit>
        <active>1</active>
        <children>
	        <child lootmax="0" lootmin="0" max="3" min="1" type="Land_Misc_Well_Pump_Yellow"/>
        </children>
    </event>
	    <event name="StaticBuilding30">
        <nominal>1</nominal> <!-- total of child lines -->
        <min>1</min><!-- same as nominal -->
        <max>1</max><!-- same as nominal -->
        <lifetime>3888000</lifetime>
        <restock>1</restock>
        <saferadius>0</saferadius>
        <distanceradius>0</distanceradius>
        <cleanupradius>100</cleanupradius>
        <flags deletable="0" init_random="0" remove_damaged="0"/>
        <position>fixed</position>
        <limit>mixed</limit>
        <active>1</active>
        <children>
            <child lootmax="0" lootmin="0" max="1" min="1" type="Land_Mil_ControlTower"/>
        </children>
    </event>
		<event name="StaticBuilding88">
        <nominal>1</nominal> <!-- total of child lines -->
        <min>1</min><!-- same as nominal -->
        <max>1</max><!-- same as nominal -->
        <lifetime>3888000</lifetime>
        <restock>1</restock>
        <saferadius>0</saferadius>
        <distanceradius>0</distanceradius>
        <cleanupradius>100</cleanupradius>
        <flags deletable="0" init_random="0" remove_damaged="0"/>
        <position>fixed</position>
        <limit>mixed</limit>
        <active>1</active>
        <children>
            <child lootmax="0" lootmin="0" max="1" min="1" type="Land_Mil_ControlTower"/>
        </children>
    </event>
		<event name="StaticBuilding89">
        <nominal>1</nominal> <!-- total of child lines -->
        <min>1</min><!-- same as nominal -->
        <max>1</max><!-- same as nominal -->
        <lifetime>3888000</lifetime>
        <restock>1</restock>
        <saferadius>0</saferadius>
        <distanceradius>0</distanceradius>
        <cleanupradius>100</cleanupradius>
        <flags deletable="0" init_random="0" remove_damaged="0"/>
        <position>fixed</position>
        <limit>mixed</limit>
        <active>1</active>
        <children>
            <child lootmax="0" lootmin="0" max="1" min="1" type="Land_Mil_ControlTower"/>
        </children>
    </event>
		<event name="StaticBuilding65">
        <nominal>1</nominal>
        <min>1</min>
        <max>1</max>
        <lifetime>300000</lifetime>
        <restock>1</restock>
        <saferadius>0</saferadius>
        <distanceradius>0</distanceradius>
        <cleanupradius>0</cleanupradius>
        <flags deletable="0" init_random="0" remove_damaged="1"/>
        <position>fixed</position> 
        <limit>child</limit>
        <active>1</active>
        <children>
	        <child lootmax="0" lootmin="0" max="3" min="1" type="Land_Misc_Well_Pump_Yellow"/>
        </children>
    </event>
		<event name="StaticBuilding70">
        <nominal>1</nominal>
        <min>1</min>
        <max>1</max>
        <lifetime>300000</lifetime>
        <restock>1</restock>
        <saferadius>0</saferadius>
        <distanceradius>0</distanceradius>
        <cleanupradius>0</cleanupradius>
        <flags deletable="0" init_random="0" remove_damaged="1"/>
        <position>fixed</position> 
        <limit>child</limit>
        <active>1</active>
        <children>
	        <child lootmax="0" lootmin="0" max="3" min="1" type="Land_Misc_Well_Pump_Yellow"/>
        </children>
    </event>
		<event name="StaticBuilding61">
        <nominal>1</nominal>
        <min>1</min>
        <max>1</max>
        <lifetime>300000</lifetime>
        <restock>1</restock>
        <saferadius>0</saferadius>
        <distanceradius>0</distanceradius>
        <cleanupradius>0</cleanupradius>
        <flags deletable="0" init_random="0" remove_damaged="1"/>
        <position>fixed</position> 
        <limit>child</limit>
        <active>1</active>
        <children>
	        <child lootmax="0" lootmin="0" max="3" min="1" type="Land_Misc_Well_Pump_Yellow"/>
        </children>
    </event>
		<event name="StaticBuilding41">
        <nominal>1</nominal>
        <min>1</min>
        <max>1</max>
        <lifetime>300000</lifetime>
        <restock>1</restock>
        <saferadius>0</saferadius>
        <distanceradius>0</distanceradius>
        <cleanupradius>0</cleanupradius>
        <flags deletable="0" init_random="0" remove_damaged="1"/>
        <position>fixed</position> 
        <limit>child</limit>
        <active>1</active>
        <children>
	        <child lootmax="0" lootmin="0" max="3" min="1" type="Land_Misc_Well_Pump_Yellow"/>
        </children>
    </event>
		<event name="StaticBuilding60">
        <nominal>1</nominal>
        <min>1</min>
        <max>1</max>
        <lifetime>300000</lifetime>
        <restock>1</restock>
        <saferadius>0</saferadius>
        <distanceradius>0</distanceradius>
        <cleanupradius>0</cleanupradius>
        <flags deletable="0" init_random="0" remove_damaged="1"/>
        <position>fixed</position> 
        <limit>child</limit>
        <active>1</active>
        <children>
	        <child lootmax="0" lootmin="0" max="3" min="1" type="Land_Misc_Well_Pump_Yellow"/>
        </children>
    </event>
			<event name="StaticBuilding75">
        <nominal>1</nominal>
        <min>1</min>
        <max>1</max>
        <lifetime>300000</lifetime>
        <restock>1</restock>
        <saferadius>0</saferadius>
        <distanceradius>0</distanceradius>
        <cleanupradius>0</cleanupradius>
        <flags deletable="0" init_random="0" remove_damaged="1"/>
        <position>fixed</position> 
        <limit>child</limit>
        <active>1</active>
        <children>
	        <child lootmax="0" lootmin="0" max="3" min="1" type="Land_CementWorks_Hall2_Brick"/>
        </children>
    </event>
				<event name="StaticBuilding85">
        <nominal>1</nominal>
        <min>1</min>
        <max>1</max>
        <lifetime>300000</lifetime>
        <restock>1</restock>
        <saferadius>0</saferadius>
        <distanceradius>0</distanceradius>
        <cleanupradius>0</cleanupradius>
        <flags deletable="0" init_random="0" remove_damaged="1"/>
        <position>fixed</position> 
        <limit>child</limit>
        <active>1</active>
        <children>
	        <child lootmax="0" lootmin="0" max="3" min="1" type="Land_Misc_Well_Pump_Yellow"/>
        </children>
    </event>
	<!-- palnks and logs and metal spawns for factions   start -->
		<event name="ItemLog4">
        <nominal>50</nominal>
        <min>50</min>
        <max>50</max>
        <lifetime>900000</lifetime>
        <restock>1</restock>
        <saferadius>0</saferadius>
        <distanceradius>0</distanceradius>
        <cleanupradius>1</cleanupradius>
        <flags deletable="0" init_random="0" remove_damaged="1"/>
        <position>fixed</position>
        <limit>mixed</limit>
        <active>1</active>
        <children>
	        <child lootmax="0" lootmin="0" max="100" min="100" type="WoodenLog"/>
        </children>
    </event>
    <event name="ItemLog255">
        <nominal>50</nominal>
        <min>50</min>
        <max>50</max>
        <lifetime>900000</lifetime>
        <restock>1</restock>
        <saferadius>0</saferadius>
        <distanceradius>0</distanceradius>
        <cleanupradius>1</cleanupradius>
        <flags deletable="0" init_random="0" remove_damaged="1"/>
        <position>fixed</position>
        <limit>mixed</limit>
        <active>1</active>
        <children>
	        <child lootmax="0" lootmin="0" max="100" min="100" type="WoodenLog"/>
        </children>
    </event>
    <event name="ItemLog256">
        <nominal>50</nominal>
        <min>50</min>
        <max>50</max>
        <lifetime>900000</lifetime>
        <restock>1</restock>
        <saferadius>0</saferadius>
        <distanceradius>0</distanceradius>
        <cleanupradius>1</cleanupradius>
        <flags deletable="0" init_random="0" remove_damaged="1"/>
        <position>fixed</position>
        <limit>mixed</limit>
        <active>1</active>
        <children>
	        <child lootmax="0" lootmin="0" max="100" min="100" type="WoodenLog"/>
        </children>
    </event>
		<event name="ItemPlank11">
        <nominal>50</nominal>
        <min>50</min>
        <max>50</max>
        <lifetime>720000</lifetime>
        <restock>1</restock>
        <saferadius>1</saferadius>
        <distanceradius>1</distanceradius>
        <cleanupradius>100</cleanupradius>
        <flags deletable="0" init_random="0" remove_damaged="0"/>
        <position>fixed</position>
        <limit>mixed</limit>
        <active>1</active>
        <children>
            <child lootmax="0" lootmin="0" max="100" min="100" type="WoodenPlank"/>
        </children>
    </event>
		<event name="ItemPlank17"> <!--blue-->
        <nominal>50</nominal>
        <min>50</min>
        <max>50</max>
        <lifetime>720000</lifetime>
        <restock>1</restock>
        <saferadius>1</saferadius>
        <distanceradius>1</distanceradius>
        <cleanupradius>100</cleanupradius>
        <flags deletable="0" init_random="0" remove_damaged="0"/>
        <position>fixed</position>
        <limit>mixed</limit>
        <active>1</active>
        <children>
            <child lootmax="0" lootmin="0" max="100" min="100" type="WoodenPlank"/>
        </children>
    </event>
		<event name="ItemPlank18">
        <nominal>50</nominal>
        <min>50</min>
        <max>50</max>
        <lifetime>720000</lifetime>
        <restock>1</restock>
        <saferadius>1</saferadius>
        <distanceradius>1</distanceradius>
        <cleanupradius>100</cleanupradius>
        <flags deletable="0" init_random="0" remove_damaged="0"/>
        <position>fixed</position>
        <limit>mixed</limit>
        <active>1</active>
        <children>
            <child lootmax="0" lootmin="0" max="100" min="100" type="WoodenPlank"/>
        </children>
    </event>
			<event name="ItemPlank19">
        <nominal>50</nominal>
        <min>50</min>
        <max>50</max>
        <lifetime>720000</lifetime>
        <restock>1</restock>
        <saferadius>1</saferadius>
        <distanceradius>1</distanceradius>
        <cleanupradius>100</cleanupradius>
        <flags deletable="0" init_random="0" remove_damaged="0"/>
        <position>fixed</position>
        <limit>mixed</limit>
        <active>1</active>
        <children>
            <child lootmax="0" lootmin="0" max="100" min="100" type="WoodenPlank"/>
        </children>
    </event>
    <event name="ItemPlank257">
        <nominal>50</nominal>
        <min>50</min>
        <max>50</max>
        <lifetime>720000</lifetime>
        <restock>1</restock>
        <saferadius>1</saferadius>
        <distanceradius>1</distanceradius>
        <cleanupradius>100</cleanupradius>
        <flags deletable="0" init_random="0" remove_damaged="0"/>
        <position>fixed</position>
        <limit>mixed</limit>
        <active>1</active>
        <children>
            <child lootmax="0" lootmin="0" max="100" min="100" type="WoodenPlank"/>
        </children>
    </event>
    <event name="ItemPlank256">
        <nominal>50</nominal>
        <min>50</min>
        <max>50</max>
        <lifetime>720000</lifetime>
        <restock>1</restock>
        <saferadius>1</saferadius>
        <distanceradius>1</distanceradius>
        <cleanupradius>100</cleanupradius>
        <flags deletable="0" init_random="0" remove_damaged="0"/>
        <position>fixed</position>
        <limit>mixed</limit>
        <active>1</active>
        <children>
            <child lootmax="0" lootmin="0" max="100" min="100" type="WoodenPlank"/>
        </children>
    </event>
			<event name="ItemPlank13">
        <nominal>50</nominal>
        <min>50</min>
        <max>50</max>
        <lifetime>720000</lifetime>
        <restock>1</restock>
        <saferadius>1</saferadius>
        <distanceradius>1</distanceradius>
        <cleanupradius>100</cleanupradius>
        <flags deletable="0" init_random="0" remove_damaged="0"/>
        <position>fixed</position>
        <limit>mixed</limit>
        <active>1</active>
        <children>
            <child lootmax="0" lootmin="0" max="100" min="100" type="WoodenPlank"/>
        </children>
    </event>
				<event name="ItemPlank">
        <nominal>50</nominal>
        <min>50</min>
        <max>50</max>
        <lifetime>720000</lifetime>
        <restock>1</restock>
        <saferadius>1</saferadius>
        <distanceradius>1</distanceradius>
        <cleanupradius>100</cleanupradius>
        <flags deletable="0" init_random="0" remove_damaged="0"/>
        <position>fixed</position>
        <limit>mixed</limit>
        <active>1</active>
        <children>
            <child lootmax="0" lootmin="0" max="100" min="100" type="WoodenPlank"/>
        </children>
    </event>
		<event name="ItemLog13"> <!--blue-->
        <nominal>50</nominal>
        <min>50</min>
        <max>50</max>
        <lifetime>90000000</lifetime>
        <restock>60</restock>
        <saferadius>0</saferadius>
        <distanceradius>0</distanceradius>
        <cleanupradius>50</cleanupradius>
        <flags deletable="0" init_random="0" remove_damaged="1"/>
        <position>fixed</position>
        <limit>mixed</limit>
        <active>1</active>
        <children>
	        <child lootmax="0" lootmin="0" max="100" min="100" type="WoodenLog"/>
        </children>
	 </event>
		<event name="ItemLog3">
        <nominal>50</nominal>
        <min>50</min>
        <max>50</max>
        <lifetime>90000000</lifetime>
        <restock>60</restock>
        <saferadius>0</saferadius>
        <distanceradius>0</distanceradius>
        <cleanupradius>50</cleanupradius>
        <flags deletable="0" init_random="0" remove_damaged="1"/>
        <position>fixed</position>
        <limit>mixed</limit>
        <active>1</active>
        <children>
	        <child lootmax="0" lootmin="0" max="100" min="100" type="WoodenLog"/>
        </children>
    </event>
		<event name="ItemLog15">
        <nominal>50</nominal>
        <min>50</min>
        <max>50</max>
        <lifetime>90000000</lifetime>
        <restock>60</restock>
        <saferadius>0</saferadius>
        <distanceradius>0</distanceradius>
        <cleanupradius>50</cleanupradius>
        <flags deletable="0" init_random="0" remove_damaged="1"/>
        <position>fixed</position>
        <limit>mixed</limit>
        <active>1</active>
        <children>
	        <child lootmax="0" lootmin="0" max="100" min="100" type="WoodenLog"/>
        </children>
    </event>
		<event name="ItemLog16">
        <nominal>50</nominal>
        <min>50</min>
        <max>50</max>
        <lifetime>90000000</lifetime>
        <restock>60</restock>
        <saferadius>0</saferadius>
        <distanceradius>0</distanceradius>
        <cleanupradius>50</cleanupradius>
        <flags deletable="0" init_random="0" remove_damaged="1"/>
        <position>fixed</position>
        <limit>mixed</limit>
        <active>1</active>
        <children>
	        <child lootmax="0" lootmin="0" max="100" min="100" type="WoodenLog"/>
        </children>
    </event>
			<event name="ItemLog">
        <nominal>50</nominal>
        <min>50</min>
        <max>50</max>
        <lifetime>90000000</lifetime>
        <restock>60</restock>
        <saferadius>0</saferadius>
        <distanceradius>0</distanceradius>
        <cleanupradius>50</cleanupradius>
        <flags deletable="0" init_random="0" remove_damaged="1"/>
        <position>fixed</position>
        <limit>mixed</limit>
        <active>1</active>
        <children>
	        <child lootmax="0" lootmin="0" max="100" min="100" type="WoodenLog"/>
        </children>
    </event>
		<event name="ItemMetalPlate10">
        <nominal>50</nominal>
        <min>50</min>
        <max>50</max>
        <lifetime>720000</lifetime>
        <restock>1</restock>
        <saferadius>1</saferadius>
        <distanceradius>1</distanceradius>
        <cleanupradius>100</cleanupradius>
        <flags deletable="0" init_random="0" remove_damaged="0"/>
        <position>fixed</position>
        <limit>mixed</limit>
        <active>1</active>
        <children>
            <child lootmax="0" lootmin="0" max="100" min="100" type="MetalPlate"/>
        </children>
		    </event>
		<event name="ItemMetalPlate">
        <nominal>50</nominal>
        <min>50</min>
        <max>50</max>
        <lifetime>720000</lifetime>
        <restock>1</restock>
        <saferadius>1</saferadius>
        <distanceradius>1</distanceradius>
        <cleanupradius>100</cleanupradius>
        <flags deletable="0" init_random="0" remove_damaged="0"/>
        <position>fixed</position>
        <limit>mixed</limit>
        <active>1</active>
        <children>
            <child lootmax="0" lootmin="0" max="100" min="100" type="MetalPlate"/>
        </children>
    </event>
		<event name="ItemMetalPlate11">
        <nominal>50</nominal>
        <min>50</min>
        <max>50</max>
        <lifetime>720000</lifetime>
        <restock>1</restock>
        <saferadius>1</saferadius>
        <distanceradius>1</distanceradius>
        <cleanupradius>100</cleanupradius>
        <flags deletable="0" init_random="0" remove_damaged="0"/>
        <position>fixed</position>
        <limit>mixed</limit>
        <active>1</active>
        <children>
            <child lootmax="0" lootmin="0" max="100" min="100" type="MetalPlate"/>
        </children>
    </event>
		<event name="ItemMetalPlate8">
        <nominal>50</nominal>
        <min>50</min>
        <max>50</max>
        <lifetime>720000</lifetime>
        <restock>1</restock>
        <saferadius>1</saferadius>
        <distanceradius>1</distanceradius>
        <cleanupradius>100</cleanupradius>
        <flags deletable="0" init_random="0" remove_damaged="0"/>
        <position>fixed</position>
        <limit>mixed</limit>
        <active>1</active>
        <children>
            <child lootmax="0" lootmin="0" max="100" min="100" type="MetalPlate"/>
        </children>
    </event>
			<event name="ItemMetalPlate9">
        <nominal>50</nominal>
        <min>50</min>
        <max>50</max>
        <lifetime>720000</lifetime>
        <restock>1</restock>
        <saferadius>1</saferadius>
        <distanceradius>1</distanceradius>
        <cleanupradius>100</cleanupradius>
        <flags deletable="0" init_random="0" remove_damaged="0"/>
        <position>fixed</position>
        <limit>mixed</limit>
        <active>1</active>
        <children>
            <child lootmax="0" lootmin="0" max="100" min="100" type="MetalPlate"/>
        </children>
    </event>
				<event name="ItemMetalPlate7">
        <nominal>50</nominal>
        <min>50</min>
        <max>50</max>
        <lifetime>720000</lifetime>
        <restock>1</restock>
        <saferadius>1</saferadius>
        <distanceradius>1</distanceradius>
        <cleanupradius>100</cleanupradius>
        <flags deletable="0" init_random="0" remove_damaged="0"/>
        <position>fixed</position>
        <limit>mixed</limit>
        <active>1</active>
        <children>
            <child lootmax="0" lootmin="0" max="100" min="100" type="MetalPlate"/>
        </children>
    </event>
	<!-- end of planks and wood and metal spawn                     end -->
	<!--start of custom sea chest and berrels                     start -->
	<event name="ItemBarrel">
        <nominal>1</nominal>
        <min>1</min>
        <max>1</max>
        <lifetime>720000</lifetime>
        <restock>1</restock>
        <saferadius>0</saferadius>
        <distanceradius>0</distanceradius>
        <cleanupradius>0</cleanupradius>
        <flags deletable="0" init_random="0" remove_damaged="0"/>
        <position>fixed</position>
        <limit>mixed</limit>
        <active>1</active>
        <children>
            <child lootmax="0" lootmin="0" max="1" min="1" type="Barrel_Green"/>
        </children>
    </event> 
    <event name="ItemBarrel256">
        <nominal>1</nominal>
        <min>1</min>
        <max>1</max>
        <lifetime>720000</lifetime>
        <restock>1</restock>
        <saferadius>0</saferadius>
        <distanceradius>0</distanceradius>
        <cleanupradius>0</cleanupradius>
        <flags deletable="0" init_random="0" remove_damaged="0"/>
        <position>fixed</position>
        <limit>mixed</limit>
        <active>1</active>
        <children>
            <child lootmax="0" lootmin="0" max="1" min="1" type="Barrel_Red"/>
        </children>
    </event> 
    <event name="ItemBarrel257">
        <nominal>1</nominal>
        <min>1</min>
        <max>1</max>
        <lifetime>720000</lifetime>
        <restock>1</restock>
        <saferadius>0</saferadius>
        <distanceradius>0</distanceradius>
        <cleanupradius>0</cleanupradius>
        <flags deletable="0" init_random="0" remove_damaged="0"/>
        <position>fixed</position>
        <limit>mixed</limit>
        <active>1</active>
        <children>
            <child lootmax="0" lootmin="0" max="1" min="1" type="Barrel_Red"/>
        </children>
    </event> 
		<event name="ItemBarrel2">
        <nominal>1</nominal>
        <min>1</min>
        <max>1</max>
        <lifetime>720000</lifetime>
        <restock>1</restock>
        <saferadius>0</saferadius>
        <distanceradius>0</distanceradius>
        <cleanupradius>0</cleanupradius>
        <flags deletable="0" init_random="0" remove_damaged="0"/>
        <position>fixed</position>
        <limit>mixed</limit>
        <active>1</active>
        <children>
            <child lootmax="0" lootmin="0" max="1" min="1" type="Barrel_Red"/>
        </children>
    </event>
		<event name="ItemBarrel3">
        <nominal>1</nominal>
        <min>1</min>
        <max>1</max>
        <lifetime>720000</lifetime>
        <restock>1</restock>
        <saferadius>0</saferadius>
        <distanceradius>0</distanceradius>
        <cleanupradius>0</cleanupradius>
        <flags deletable="0" init_random="0" remove_damaged="0"/>
        <position>fixed</position>
        <limit>mixed</limit>
        <active>1</active>
        <children>
            <child lootmax="0" lootmin="0" max="1" min="1" type="Barrel_Red"/>
        </children>
    </event>
		<event name="ItemSeaChest">
        <nominal>1</nominal>
        <min>1</min>
        <max>1</max>
        <lifetime>720000</lifetime>
        <restock>1</restock>
        <saferadius>0</saferadius>
        <distanceradius>0</distanceradius>
        <cleanupradius>0</cleanupradius>
        <flags deletable="0" init_random="0" remove_damaged="0"/>
        <position>fixed</position>
        <limit>mixed</limit>
        <active>1</active>
        <children>
            <child lootmax="0" lootmin="0" max="1" min="1" type="SeaChest"/>
        </children>
    </event>
		<event name="Itembandrop2">
        <nominal>20</nominal>
        <min>20</min>
        <max>20</max>
        <lifetime>720000</lifetime>
        <restock>1</restock>
        <saferadius>0</saferadius>
        <distanceradius>0</distanceradius>
        <cleanupradius>0</cleanupradius>
        <flags deletable="0" init_random="0" remove_damaged="0"/>
        <position>fixed</position>
        <limit>mixed</limit>
        <active>1</active>
        <children>
            <child lootmax="0" lootmin="0" max="20" min="20" type="Camonet"/>
        </children>
    </event>
		<event name="Itemdrop50">
        <nominal>8</nominal>
        <min>8</min>
        <max>8</max>
        <lifetime>720000</lifetime>
        <restock>1</restock>
        <saferadius>0</saferadius>
        <distanceradius>0</distanceradius>
        <cleanupradius>0</cleanupradius>
        <flags deletable="0" init_random="0" remove_damaged="0"/>
        <position>fixed</position>
        <limit>mixed</limit>
        <active>1</active>
        <children>
            <child lootmax="0" lootmin="0" max="4" min="4" type="GhillieSuit_Woodland"/>
			<child lootmax="0" lootmin="0" max="1" min="1" type="GhillieHood_Woodland"/>
			<child lootmax="0" lootmin="0" max="1" min="1" type="NVGHeadstrap"/>
        </children>
    </event>
		<event name="Itemdrop55">
        <nominal>8</nominal>
        <min>8</min>
        <max>8</max>
        <lifetime>720000</lifetime>
        <restock>1</restock>
        <saferadius>0</saferadius>
        <distanceradius>0</distanceradius>
        <cleanupradius>0</cleanupradius>
        <flags deletable="0" init_random="0" remove_damaged="0"/>
        <position>fixed</position>
        <limit>mixed</limit>
        <active>1</active>
        <children>
            <child lootmax="0" lootmin="0" max="4" min="4" type="GhillieSuit_Woodland"/>
			<child lootmax="0" lootmin="0" max="1" min="1" type="GhillieHood_Woodland"/>
			<child lootmax="0" lootmin="0" max="1" min="1" type="NVGHeadstrap"/>
        </children>
    </event>
		<event name="Itemdrop65">
        <nominal>1</nominal>
        <min>1</min>
        <max>1</max>
        <lifetime>720000</lifetime>
        <restock>1</restock>
        <saferadius>0</saferadius>
        <distanceradius>0</distanceradius>
        <cleanupradius>0</cleanupradius>
        <flags deletable="0" init_random="0" remove_damaged="0"/>
        <position>fixed</position>
        <limit>mixed</limit>
        <active>1</active>
        <children>
            <child lootmax="0" lootmin="0" max="1" min="1" type="CarTent"/>
        </children>
    </event>
	<event name="Itemdrop66">
        <nominal>5</nominal>
        <min>5</min>
        <max>5</max>
        <lifetime>720000</lifetime>
        <restock>1</restock>
        <saferadius>0</saferadius>
        <distanceradius>0</distanceradius>
        <cleanupradius>0</cleanupradius>
        <flags deletable="0" init_random="0" remove_damaged="0"/>
        <position>fixed</position>
        <limit>mixed</limit>
        <active>1</active>
        <children>
            <child lootmax="0" lootmin="0" max="5" min="5" type="BarbedWire"/>
        </children>
    </event>
		<event name="ItemSeaChest3">
        <nominal>1</nominal>
        <min>1</min>
        <max>1</max>
        <lifetime>720000</lifetime>
        <restock>1</restock>
        <saferadius>0</saferadius>
        <distanceradius>0</distanceradius>
        <cleanupradius>0</cleanupradius>
        <flags deletable="0" init_random="0" remove_damaged="0"/>
        <position>fixed</position>
        <limit>mixed</limit>
        <active>1</active>
        <children>
            <child lootmax="0" lootmin="0" max="1" min="1" type="SeaChest"/>
        </children>
    </event>
	<event name="ItemSeaChest5">
        <nominal>1</nominal>
        <min>1</min>
        <max>1</max>
        <lifetime>720000</lifetime>
        <restock>1</restock>
        <saferadius>0</saferadius>
        <distanceradius>0</distanceradius>
        <cleanupradius>0</cleanupradius>
        <flags deletable="0" init_random="0" remove_damaged="0"/>
        <position>fixed</position>
        <limit>mixed</limit>
        <active>1</active>
        <children>
            <child lootmax="0" lootmin="0" max="1" min="1" type="SeaChest"/>
        </children>
    </event>
	 <event name="ItemSeaChest12">
        <nominal>1</nominal>8
        <min>1</min>
        <max>1</max>
        <lifetime>720000</lifetime>
        <restock>1</restock>
        <saferadius>0</saferadius>
        <distanceradius>0</distanceradius>
        <cleanupradius>0</cleanupradius>
        <flags deletable="0" init_random="0" remove_damaged="0"/>
        <position>fixed</position>
        <limit>mixed</limit>
        <active>1</active>
        <children>
            <child lootmax="0" lootmin="0" max="1" min="1" type="SeaChest"/>
        </children>
    </event>
		<event name="Itemdrop155">
        <nominal>5</nominal>
        <min>5</min>
        <max>5</max>
        <lifetime>720000</lifetime>
        <restock>1</restock>
        <saferadius>0</saferadius>
        <distanceradius>0</distanceradius>
        <cleanupradius>0</cleanupradius>
        <flags deletable="0" init_random="0" remove_damaged="0"/>
        <position>fixed</position>
        <limit>mixed</limit>
        <active>1</active>
        <children>
            <child lootmax="0" lootmin="0" max="5" min="5" type="AliceBag_Camo"/>
        </children>
	</event>
		<event name="ItemdropGhille">
        <nominal>8</nominal>
        <min>8</min>
        <max>8</max>
        <lifetime>720000</lifetime>
        <restock>1</restock>
        <saferadius>0</saferadius>
        <distanceradius>0</distanceradius>
        <cleanupradius>0</cleanupradius>
        <flags deletable="0" init_random="0" remove_damaged="0"/>
        <position>fixed</position>
        <limit>mixed</limit>
        <active>1</active>
        <children>
            <child lootmax="0" lootmin="0" max="4" min="4" type="GhillieSuit_Woodland"/>
			<child lootmax="0" lootmin="0" max="1" min="1" type="GhillieHood_Woodland"/>
			<child lootmax="0" lootmin="0" max="1" min="1" type="NVGHeadstrap"/>
        </children>
	</event>
	<event name="ItemdropBarbedWire">
        <nominal>5</nominal>
        <min>5</min>
        <max>5</max>
        <lifetime>720000</lifetime>
        <restock>1</restock>
        <saferadius>0</saferadius>
        <distanceradius>0</distanceradius>
        <cleanupradius>0</cleanupradius>
        <flags deletable="0" init_random="0" remove_damaged="0"/>
        <position>fixed</position>
        <limit>mixed</limit>
        <active>1</active>
        <children>
            <child lootmax="0" lootmin="0" max="5" min="5" type="BarbedWire"/>
        </children>
    </event>
    <event name="ItemdropBarbedWire255">
        <nominal>5</nominal>
        <min>5</min>
        <max>5</max>
        <lifetime>720000</lifetime>
        <restock>1</restock>
        <saferadius>0</saferadius>
        <distanceradius>0</distanceradius>
        <cleanupradius>0</cleanupradius>
        <flags deletable="0" init_random="0" remove_damaged="0"/>
        <position>fixed</position>
        <limit>mixed</limit>
        <active>1</active>
        <children>
            <child lootmax="0" lootmin="0" max="5" min="5" type="BarbedWire"/>
        </children>
    </event>
    <event name="ItemdropBarbedWire257">
        <nominal>5</nominal>
        <min>5</min>
        <max>5</max>
        <lifetime>720000</lifetime>
        <restock>1</restock>
        <saferadius>0</saferadius>
        <distanceradius>0</distanceradius>
        <cleanupradius>0</cleanupradius>
        <flags deletable="0" init_random="0" remove_damaged="0"/>
        <position>fixed</position>
        <limit>mixed</limit>
        <active>1</active>
        <children>
            <child lootmax="0" lootmin="0" max="5" min="5" type="BarbedWire"/>
        </children>
    </event>
		<event name="ItemdropCamonet">
        <nominal>5</nominal>
        <min>5</min>
        <max>5</max>
        <lifetime>720000</lifetime>
        <restock>1</restock>
        <saferadius>0</saferadius>
        <distanceradius>0</distanceradius>
        <cleanupradius>0</cleanupradius>
        <flags deletable="0" init_random="0" remove_damaged="0"/>
        <position>fixed</position>
        <limit>mixed</limit>
        <active>1</active>
        <children>
            <child lootmax="0" lootmin="0" max="5" min="5" type="Camonet"/>
        </children>
    </event>
    <event name="ItemdropCamonet255">
        <nominal>5</nominal>
        <min>5</min>
        <max>5</max>
        <lifetime>720000</lifetime>
        <restock>1</restock>
        <saferadius>0</saferadius>
        <distanceradius>0</distanceradius>
        <cleanupradius>0</cleanupradius>
        <flags deletable="0" init_random="0" remove_damaged="0"/>
        <position>fixed</position>
        <limit>mixed</limit>
        <active>1</active>
        <children>
            <child lootmax="0" lootmin="0" max="5" min="5" type="Camonet"/>
        </children>
    </event>
    <event name="ItemdropCamonet257">
        <nominal>5</nominal>
        <min>5</min>
        <max>5</max>
        <lifetime>720000</lifetime>
        <restock>1</restock>
        <saferadius>0</saferadius>
        <distanceradius>0</distanceradius>
        <cleanupradius>0</cleanupradius>
        <flags deletable="0" init_random="0" remove_damaged="0"/>
        <position>fixed</position>
        <limit>mixed</limit>
        <active>1</active>
        <children>
            <child lootmax="0" lootmin="0" max="5" min="5" type="Camonet"/>
        </children>
    </event>
    <event name="CanisterGasoline">
        <nominal>1</nominal>
        <min>1</min>
        <max>1</max>
        <lifetime>720000</lifetime>
        <restock>1</restock>
        <saferadius>0</saferadius>
        <distanceradius>0</distanceradius>
        <cleanupradius>0</cleanupradius>
        <flags deletable="0" init_random="0" remove_damaged="0"/>
        <position>fixed</position>
        <limit>mixed</limit>
        <active>1</active>
        <children>
            <child lootmax="0" lootmin="0" max="1" min="1" type="Barrel_Red"/>
        </children>
    </event> 
	<!-- end of sea chest and berrel spawn                             end       --> 
	<!-- start of spawns                               start -->
	<event name="StaticBuildingC">
        <nominal>1</nominal> <!-- total of child lines -->
        <min>1</min><!-- same as nominal -->
        <max>1</max><!-- same as nominal -->
        <lifetime>3888000</lifetime>
        <restock>1</restock>
        <saferadius>0</saferadius>
        <distanceradius>0</distanceradius>
        <cleanupradius>100</cleanupradius>
        <flags deletable="0" init_random="0" remove_damaged="0"/>
        <position>fixed</position>
        <limit>mixed</limit>
        <active>1</active>
        <children>
            <child lootmax="0" lootmin="0" max="1" min="1" type="Land_Mil_ControlTower"/>
        </children>
	</event>
		 <event name="StaticBuilding91">
        <nominal>1</nominal> <!-- total of child lines -->
        <min>1</min><!-- same as nominal -->
        <max>1</max><!-- same as nominal -->
        <lifetime>3888000</lifetime>
        <restock>1</restock>
        <saferadius>0</saferadius>
        <distanceradius>0</distanceradius>
        <cleanupradius>100</cleanupradius>
        <flags deletable="0" init_random="0" remove_damaged="0"/>
        <position>fixed</position>
        <limit>mixed</limit>
        <active>1</active>
        <children>
            <child lootmax="0" lootmin="0" max="1" min="1" type="Land_Mil_ControlTower"/>
        </children>
		 </event>
	<event name="StaticBuildingD">
        <nominal>1</nominal> <!-- total of child lines -->
        <min>1</min><!-- same as nominal -->
        <max>1</max><!-- same as nominal -->
        <lifetime>3888000</lifetime>
        <restock>1</restock>
        <saferadius>0</saferadius>
        <distanceradius>0</distanceradius>
        <cleanupradius>100</cleanupradius>
        <flags deletable="0" init_random="0" remove_damaged="0"/>
        <position>fixed</position>
        <limit>mixed</limit>
        <active>1</active>
        <children>
            <child lootmax="0" lootmin="0" max="1" min="1" type="Land_Mil_ControlTower"/>
        </children>
    </event>
	<event name="StaticBuildingE">
        <nominal>1</nominal> <!-- total of child lines -->
        <min>1</min><!-- same as nominal -->
        <max>1</max><!-- same as nominal -->
        <lifetime>3888000</lifetime>
        <restock>1</restock>
        <saferadius>0</saferadius>
        <distanceradius>0</distanceradius>
        <cleanupradius>100</cleanupradius>
        <flags deletable="0" init_random="0" remove_damaged="0"/>
        <position>fixed</position>
        <limit>mixed</limit>
        <active>1</active>
        <children>
            <child lootmax="0" lootmin="0" max="1" min="1" type="Land_Mil_ControlTower"/>
        </children>
    </event>
	<event name="StaticBuildingF">
        <nominal>1</nominal> <!-- total of child lines -->
        <min>1</min><!-- same as nominal -->
        <max>1</max><!-- same as nominal -->
        <lifetime>3888000</lifetime>
        <restock>1</restock>
        <saferadius>0</saferadius>
        <distanceradius>0</distanceradius>
        <cleanupradius>100</cleanupradius>
        <flags deletable="0" init_random="0" remove_damaged="0"/>
        <position>fixed</position>
        <limit>mixed</limit>
        <active>1</active>
        <children>
            <child lootmax="0" lootmin="0" max="1" min="1" type="Land_Mil_ControlTower"/>
        </children>
    </event>
	<event name="StaticBuildingZ">
        <nominal>1</nominal> <!-- total of child lines -->
        <min>1</min><!-- same as nominal -->
        <max>1</max><!-- same as nominal -->
        <lifetime>3888000</lifetime>
        <restock>1</restock>
        <saferadius>0</saferadius>
        <distanceradius>0</distanceradius>
        <cleanupradius>100</cleanupradius>
        <flags deletable="0" init_random="0" remove_damaged="0"/>
        <position>fixed</position>
        <limit>mixed</limit>
        <active>1</active>
        <children>
            <child lootmax="0" lootmin="0" max="1" min="1" type="Land_Mil_ControlTower"/>
        </children>
    </event>
	<event name="StaticBuilding25">
        <nominal>1</nominal> <!-- total of child lines -->
        <min>1</min><!-- same as nominal -->
        <max>1</max><!-- same as nominal -->
        <lifetime>3888000</lifetime>
        <restock>1</restock>
        <saferadius>0</saferadius>
        <distanceradius>0</distanceradius>
        <cleanupradius>100</cleanupradius>
        <flags deletable="0" init_random="0" remove_damaged="0"/>
        <position>fixed</position>
        <limit>mixed</limit>
        <active>1</active>
        <children>
            <child lootmax="0" lootmin="0" max="1" min="1" type="Land_Mil_ControlTower"/>
        </children>
    </event>
		<event name="StaticBuilding26">
        <nominal>1</nominal> <!-- total of child lines -->
        <min>1</min><!-- same as nominal -->
        <max>1</max><!-- same as nominal -->
        <lifetime>3888000</lifetime>
        <restock>1</restock>
        <saferadius>0</saferadius>
        <distanceradius>0</distanceradius>
        <cleanupradius>100</cleanupradius>
        <flags deletable="0" init_random="0" remove_damaged="0"/>
        <position>fixed</position>
        <limit>mixed</limit>
        <active>1</active>
        <children>
            <child lootmax="0" lootmin="0" max="1" min="1" type="Land_Mil_ControlTower"/>
        </children>
    </event>
		<event name="StaticBuilding26">
        <nominal>1</nominal> <!-- total of child lines -->
        <min>1</min><!-- same as nominal -->
        <max>1</max><!-- same as nominal -->
        <lifetime>3888000</lifetime>
        <restock>1</restock>
        <saferadius>0</saferadius>
        <distanceradius>0</distanceradius>
        <cleanupradius>100</cleanupradius>
        <flags deletable="0" init_random="0" remove_damaged="0"/>
        <position>fixed</position>
        <limit>mixed</limit>
        <active>1</active>
        <children>
            <child lootmax="0" lootmin="0" max="1" min="1" type="Land_Mil_ControlTower"/>
        </children>
    </event>
		<event name="StaticBuilding27">
        <nominal>1</nominal> <!-- total of child lines -->
        <min>1</min><!-- same as nominal -->
        <max>1</max><!-- same as nominal -->
        <lifetime>3888000</lifetime>
        <restock>1</restock>
        <saferadius>0</saferadius>
        <distanceradius>0</distanceradius>
        <cleanupradius>100</cleanupradius>
        <flags deletable="0" init_random="0" remove_damaged="0"/>
        <position>fixed</position>
        <limit>mixed</limit>
        <active>1</active>
        <children>
            <child lootmax="0" lootmin="0" max="1" min="1" type="Land_Mil_ControlTower"/>
        </children>
    </event>
	<event name="ItemGuard1">
	    <nominal>20</nominal>
	    <min>20</min>
	    <max>20</max>
	    <lifetime>300</lifetime>
	    <restock>0</restock>
	    <saferadius>0</saferadius>
	    <distanceradius>0</distanceradius>
	    <cleanupradius>50</cleanupradius>
	    <flags deletable="1" init_random="0" remove_damaged="1"/>
	    <position>fixed</position>
	    <limit>child</limit>
	    <active>1</active>
	    <children>
		    <child lootmax="100" lootmin="100" max="40" min="40" type="AliceBag_Black"/>
	    </children>
    </event>
        <event name="ItemGuard2">
	    <nominal>20</nominal>
	    <min>20</min>
	    <max>20</max>
	    <lifetime>300</lifetime>
	    <restock>0</restock>
	    <saferadius>0</saferadius>
	    <distanceradius>0</distanceradius>
	    <cleanupradius>50</cleanupradius>
	    <flags deletable="1" init_random="0" remove_damaged="1"/>
	    <position>fixed</position>
	    <limit>child</limit>
	    <active>1</active>
	    <children>
		    <child lootmax="100" lootmin="100" max="40" min="40" type="AliceBag_Camo"/>
	   </children>
    </event>
        <event name="ItemGuard3">
	    <nominal>20</nominal>
	    <min>20</min>
	    <max>20</max>
	    <lifetime>300</lifetime>
	    <restock>0</restock>
	    <saferadius>0</saferadius>
	    <distanceradius>0</distanceradius>
	    <cleanupradius>50</cleanupradius>
	    <flags deletable="1" init_random="0" remove_damaged="1"/>
	    <position>fixed</position>
	    <limit>child</limit>
	    <active>1</active>
	    <children>
	        <child lootmax="100" lootmin="100" max="40" min="40" type="AliceBag_Black"/>
	    </children>
    </event>
        <event name="ItemGuard4">
	    <nominal>20</nominal>
	    <min>20</min>
	    <max>20</max>
	    <lifetime>300</lifetime>
	    <restock>0</restock>
	    <saferadius>0</saferadius>
	    <distanceradius>0</distanceradius>
	    <cleanupradius>50</cleanupradius>
	    <flags deletable="1" init_random="0" remove_damaged="1"/>
	    <position>fixed</position>
	    <limit>child</limit>
	    <active>1</active>
	    <children>
		    <child lootmax="100" lootmin="100" max="40" min="40" type="AliceBag_Black"/>
	    </children>
    </event>
        <event name="ItemGuard5">
	    <nominal>20</nominal>
	    <min>20</min>
	    <max>20</max>
	    <lifetime>300</lifetime>
	    <restock>0</restock>
	    <saferadius>0</saferadius>
	    <distanceradius>0</distanceradius>
	    <cleanupradius>50</cleanupradius>
	    <flags deletable="1" init_random="0" remove_damaged="1"/>
	    <position>fixed</position>
	    <limit>child</limit>
	    <active>1</active>
	    <children>
		    <child lootmax="100" lootmin="100" max="40" min="40" type="AliceBag_Camo"/>
	    </children>
    </event>
        <event name="ItemGuard6">
	    <nominal>20</nominal>
	    <min>20</min>
	    <max>20</max>
	    <lifetime>300</lifetime>
	    <restock>0</restock>
	    <saferadius>0</saferadius>
	    <distanceradius>0</distanceradius>
	    <cleanupradius>50</cleanupradius>
	    <flags deletable="1" init_random="0" remove_damaged="1"/>
	    <position>fixed</position>
	    <limit>child</limit>
	    <active>1</active>
	    <children>
		    <child lootmax="100" lootmin="100" max="40" min="40" type="AliceBag_Black"/>
	    </children>
    </event>
        <event name="ItemGuard8">
     	<nominal>20</nominal>
	    <min>20</min>
	    <max>20</max>
	    <lifetime>300</lifetime>
	    <restock>0</restock>
	    <saferadius>0</saferadius>
	    <distanceradius>0</distanceradius>
	    <cleanupradius>50</cleanupradius>
	    <flags deletable="1" init_random="0" remove_damaged="1"/>
	    <position>fixed</position>
	    <limit>child</limit>
	    <active>1</active>
	    <children>
	     	<child lootmax="100" lootmin="100" max="40" min="40" type="AliceBag_Camo"/>
	    </children>
    </event>
        <event name="ItemGuard9">
	    <nominal>20</nominal>
	    <min>20</min>
	    <max>20</max>
	    <lifetime>300</lifetime>
	    <restock>0</restock>
	    <saferadius>0</saferadius>
	    <distanceradius>0</distanceradius>
	    <cleanupradius>50</cleanupradius>
	    <flags deletable="1" init_random="0" remove_damaged="1"/>
	    <position>fixed</position>
	    <limit>child</limit>
	    <active>1</active>
	    <children>
		    <child lootmax="100" lootmin="100" max="40" min="40" type="AliceBag_Black"/>
	    </children>
    </event>
        <event name="ItemGuard10">
	    <nominal>20</nominal>
	    <min>20</min>
	    <max>20</max>
	    <lifetime>300</lifetime>
	    <restock>0</restock>
	    <saferadius>0</saferadius>
	    <distanceradius>0</distanceradius>
    	<cleanupradius>50</cleanupradius>
    	<flags deletable="1" init_random="0" remove_damaged="1"/>
    	<position>fixed</position>
	    <limit>child</limit>
	    <active>1</active>
	    <children>
	    	<child lootmax="100" lootmin="100" max="40" min="40" type="AliceBag_Black"/>
	    </children>
    </event>
	      <event name="ItemGuard11">
	    <nominal>20</nominal>
	    <min>20</min>
	    <max>20</max>
	    <lifetime>300</lifetime>
	    <restock>0</restock>
	    <saferadius>0</saferadius>
	    <distanceradius>0</distanceradius>
    	<cleanupradius>50</cleanupradius>
    	<flags deletable="1" init_random="0" remove_damaged="1"/>
    	<position>fixed</position>
	    <limit>child</limit>
	    <active>1</active>
	    <children>
	    	<child lootmax="100" lootmin="100" max="40" min="40" type="AliceBag_Green"/>
	    </children>
    </event>
		<event name="ItemGuard12">
	    <nominal>20</nominal>
	    <min>20</min>
	    <max>20</max>
	    <lifetime>300</lifetime>
	    <restock>0</restock>
	    <saferadius>0</saferadius>
	    <distanceradius>0</distanceradius>
    	<cleanupradius>50</cleanupradius>
    	<flags deletable="1" init_random="0" remove_damaged="1"/>
    	<position>fixed</position>
	    <limit>child</limit>
	    <active>1</active>
	    <children>
	    	<child lootmax="100" lootmin="100" max="40" min="40" type="AliceBag_Black"/>
	    </children>
    </event>
		<event name="ItemGuard13">
	    <nominal>20</nominal>
	    <min>20</min>
	    <max>20</max>
	    <lifetime>300</lifetime>
	    <restock>0</restock>
	    <saferadius>0</saferadius>
	    <distanceradius>0</distanceradius>
    	<cleanupradius>50</cleanupradius>
    	<flags deletable="1" init_random="0" remove_damaged="1"/>
    	<position>fixed</position>
	    <limit>child</limit>
	    <active>1</active>
	    <children>
	    	<child lootmax="100" lootmin="100" max="40" min="40" type="AliceBag_Black"/>
	    </children>
    </event>
		<event name="ItemGuard17">
	    <nominal>20</nominal>
	    <min>20</min>
	    <max>20</max>
	    <lifetime>300</lifetime>
	    <restock>0</restock>
	    <saferadius>0</saferadius>
	    <distanceradius>0</distanceradius>
    	<cleanupradius>50</cleanupradius>
    	<flags deletable="1" init_random="0" remove_damaged="1"/>
    	<position>fixed</position>
	    <limit>child</limit>
	    <active>1</active>
	    <children>
	    	<child lootmax="100" lootmin="100" max="40" min="40" type="AliceBag_Green"/>
	    </children>
    </event>
		<event name="ItemGuard14">
	    <nominal>20</nominal>
	    <min>20</min>
	    <max>20</max>
	    <lifetime>300</lifetime>
	    <restock>0</restock>
	    <saferadius>0</saferadius>
	    <distanceradius>0</distanceradius>
    	<cleanupradius>50</cleanupradius>
    	<flags deletable="1" init_random="0" remove_damaged="1"/>
    	<position>fixed</position>
	    <limit>child</limit>
	    <active>1</active>
	    <children>
	    	<child lootmax="100" lootmin="100" max="40" min="40" type="AliceBag_Black"/>
	    </children>
    </event>
	    <event name="ItemAmmoDrops78">
	    <nominal>30</nominal>
	    <min>30</min>
	    <max>30</max>
	    <lifetime>300</lifetime>
	    <restock>0</restock>
	    <saferadius>0</saferadius>
	    <distanceradius>0</distanceradius>
	    <cleanupradius>50</cleanupradius>
	    <flags deletable="1" init_random="0" remove_damaged="1"/>
	    <position>fixed</position>
	    <limit>child</limit>
	    <active>1</active>
	    <children>
	     	<child lootmax="100" lootmin="100" max="15" min="15" type="Mag_AKM_30Rnd"/>
		    <child lootmax="100" lootmin="100" max="15" min="15" type="Mag_CMAG_40Rnd"/>
	    </children>
    </event>
        <event name="ItemAmmoDrops79">
    	<nominal>41</nominal>
	    <min>41</min>
 	    <max>41</max>
    	<lifetime>300</lifetime>
    	<restock>0</restock>
    	<saferadius>0</saferadius>
    	<distanceradius>0</distanceradius>
    	<cleanupradius>50</cleanupradius>
     	<flags deletable="1" init_random="0" remove_damaged="1"/>
    	<position>fixed</position>
    	<limit>child</limit>
     	<active>1</active>
	    <children>
		<!-- <child lootmax="100" lootmin="100" max="1" min="1" type="Barrel_Red"/> -->
		    <child lootmax="100" lootmin="100" max="15" min="15" type="Mag_AKM_30Rnd"/>
		    <child lootmax="100" lootmin="100" max="15" min="15" type="Mag_CMAG_40Rnd"/>
    	</children>
    </event>
       <event name="ItemAmmoDrops80">
    	<nominal>41</nominal>
    	<min>41</min>
    	<max>41</max>
    	<lifetime>300</lifetime>
    	<restock>0</restock>
     	<saferadius>0</saferadius>
    	<distanceradius>0</distanceradius>
	    <cleanupradius>50</cleanupradius>
    	<flags deletable="1" init_random="0" remove_damaged="1"/>
    	<position>fixed</position>
    	<limit>child</limit>
    	<active>1</active>
     	<children>
		<!-- <child lootmax="100" lootmin="100" max="1" min="1" type="Barrel_Red"/> -->
		    <child lootmax="100" lootmin="100" max="5" min="5" type="Mag_AKM_30Rnd"/>
		    <child lootmax="100" lootmin="100" max="5" min="5" type="Mag_CMAG_40Rnd"/>
	    </children>
    </event>
        <event name="ItemAmmoDrop90">
	    <nominal>20</nominal>
	    <min>20</min>
	    <max>20</max>
	    <lifetime>300</lifetime>
	    <restock>0</restock>
	    <saferadius>0</saferadius>
	    <distanceradius>0</distanceradius>
	    <cleanupradius>50</cleanupradius>
	    <flags deletable="1" init_random="0" remove_damaged="1"/>
	    <position>fixed</position>
	    <limit>child</limit>
	    <active>1</active>
	    <children>
	     	<child lootmax="100" lootmin="100" max="5" min="5" type="Mag_SVD_10Rnd"/>
		    <child lootmax="100" lootmin="100" max="5" min="5" type="SVD"/>
	    </children>
    </event>
	  <event name="ItemAmmoDrop91">
	    <nominal>10</nominal>
	    <min>10</min>
	    <max>10</max>
	    <lifetime>300</lifetime>
	    <restock>0</restock>
	    <saferadius>0</saferadius>
	    <distanceradius>0</distanceradius>
	    <cleanupradius>50</cleanupradius>
	    <flags deletable="1" init_random="0" remove_damaged="1"/>
	    <position>fixed</position>
	    <limit>child</limit>
	    <active>1</active>
	    <children>
	     	<child lootmax="100" lootmin="100" max="5" min="5" type="Mag_AKM_Drum_TEST"/>
		    <child lootmax="100" lootmin="100" max="5" min="5" type="AKM"/>
	    </children>
    </event>
	   <event name="ItemAmmoDrop101">
	    <nominal>20</nominal>
	    <min>20</min>
	    <max>20</max>
	    <lifetime>300</lifetime>
	    <restock>0</restock>
	    <saferadius>0</saferadius>
	    <distanceradius>0</distanceradius>
	    <cleanupradius>50</cleanupradius>
	    <flags deletable="1" init_random="0" remove_damaged="1"/>
	    <position>fixed</position>
	    <limit>child</limit>
	    <active>1</active>
	    <children>
	     	<child lootmax="100" lootmin="100" max="5" min="5" type="Mag_SVD_10Rnd"/>
		    <child lootmax="100" lootmin="100" max="5" min="5" type="SVD"/>
	    </children>
    </event>
	<event name="VehicleTruck02">
        <nominal>1</nominal>
        <min>1</min>
        <max>1</max>
        <lifetime>300000</lifetime>
        <restock>1</restock>
        <saferadius>0</saferadius>
        <distanceradius>0</distanceradius>
        <cleanupradius>100</cleanupradius>
        <flags deletable="0" init_random="0" remove_damaged="1"/>
        <position>fixed</position>
        <limit>mixed</limit>
        <active>1</active>
        <children>
            <child lootmax="0" lootmin="0" max="1" min="1" type="Truck_01_Covered"/>
        </children>
    </event>
	<!-- custom spawn hordes                start --> 
    <event name="ItemBody4">
        <nominal>75</nominal>
        <min>50</min>
        <max>150</max>
        <lifetime>3</lifetime>
        <restock>0</restock>
        <saferadius>100</saferadius>
        <distanceradius>50</distanceradius>
        <cleanupradius>100</cleanupradius>
        <flags deletable="0" init_random="0" remove_damaged="1"/>
        <position>player</position>
        <limit>custom</limit>
        <active>1</active>
        <children>
            <child lootmax="5" lootmin="0" max="0" min="30" type="ZmbM_PatrolNormal_Autumn"/>
            <child lootmax="5" lootmin="0" max="0" min="10" type="ZmbM_PatrolNormal_Flat"/>
            <child lootmax="5" lootmin="0" max="0" min="20" type="ZmbM_PatrolNormal_PautRev"/>
            <child lootmax="5" lootmin="0" max="0" min="10" type="ZmbM_PatrolNormal_Summer"/>
            <child lootmax="5" lootmin="0" max="0" min="20" type="ZmbM_SoldierNormal"/>
            <child lootmax="5" lootmin="0" max="0" min="10" type="ZmbM_usSoldier_normal_Desert"/>
            <child lootmax="5" lootmin="0" max="0" min="10" type="ZmbM_usSoldier_normal_Woodland"/>
        </children>
	</event>
	<!-- dont touch -->
    <event name="AmbientHen">
        <nominal>3</nominal>
        <min>0</min>
        <max>50</max>
        <lifetime>33</lifetime>
        <restock>15</restock>
        <saferadius>40</saferadius>
        <distanceradius>0</distanceradius>
        <cleanupradius>0</cleanupradius>
        <flags deletable="0" init_random="0" remove_damaged="0"/>
        <position>fixed</position>
        <limit>mixed</limit>
        <active>1</active>
        <children>
            <child lootmax="0" lootmin="0" max="2" min="1" type="Animal_GallusGallusDomesticus"/>
            <child lootmax="0" lootmin="0" max="4" min="1" type="Animal_GallusGallusDomesticusF_Brown"/>
            <child lootmax="0" lootmin="0" max="4" min="1" type="Animal_GallusGallusDomesticusF_Spotted"/>
            <child lootmax="0" lootmin="0" max="4" min="1" type="Animal_GallusGallusDomesticusF_White"/>
        </children>
    </event>
    <event name="AnimalBear">
        <nominal>15</nominal>
        <min>5</min>
        <max>15</max>
        <lifetime>180</lifetime>
        <restock>0</restock>
        <saferadius>200</saferadius>
        <distanceradius>0</distanceradius>
        <cleanupradius>0</cleanupradius>
        <flags deletable="0" init_random="0" remove_damaged="1"/>
        <position>fixed</position>
        <limit>custom</limit>
        <active>1</active>
        <children>
            <child lootmax="0" lootmin="0" max="1" min="1" type="Animal_UrsusArctos"/>
        </children>
    </event>
    <event name="AnimalCow">
        <nominal>25</nominal>
        <min>20</min>
        <max>30</max>
        <lifetime>180</lifetime>
        <restock>0</restock>
        <saferadius>200</saferadius>
        <distanceradius>0</distanceradius>
        <cleanupradius>0</cleanupradius>
        <flags deletable="0" init_random="0" remove_damaged="1"/>
        <position>fixed</position>
        <limit>child</limit>
        <active>1</active>
        <children>
            <child lootmax="0" lootmin="0" max="2" min="1" type="Animal_BosTaurusF_Brown"/>
            <child lootmax="0" lootmin="0" max="2" min="0" type="Animal_BosTaurusF_Spotted"/>
            <child lootmax="0" lootmin="0" max="1" min="0" type="Animal_BosTaurusF_White"/>
            <child lootmax="0" lootmin="0" max="2" min="1" type="Animal_BosTaurus_Brown"/>
            <child lootmax="0" lootmin="0" max="2" min="0" type="Animal_BosTaurus_Spotted"/>
            <child lootmax="0" lootmin="0" max="1" min="0" type="Animal_BosTaurus_White"/>
        </children>
    </event>
    <event name="AnimalDeer">
        <nominal>15</nominal>
        <min>10</min>
        <max>20</max>
        <lifetime>180</lifetime>
        <restock>0</restock>
        <saferadius>200</saferadius>
        <distanceradius>0</distanceradius>
        <cleanupradius>0</cleanupradius>
        <flags deletable="0" init_random="0" remove_damaged="1"/>
        <position>fixed</position>
        <limit>child</limit>
        <active>1</active>
        <children>
            <child lootmax="0" lootmin="0" max="1" min="1" type="Animal_CervusElaphus"/>
            <child lootmax="0" lootmin="0" max="3" min="1" type="Animal_CervusElaphusF"/>
        </children>
    </event>
    <event name="AnimalGoat">
        <nominal>8</nominal>
        <min>1</min>
        <max>3</max>
        <lifetime>180</lifetime>
        <restock>0</restock>
        <saferadius>200</saferadius>
        <distanceradius>0</distanceradius>
        <cleanupradius>0</cleanupradius>
        <flags deletable="0" init_random="0" remove_damaged="1"/>
        <position>fixed</position>
        <limit>child</limit>
        <active>1</active>
        <children>
            <child lootmax="0" lootmin="0" max="3" min="1" type="Animal_CapraHircusF"/>
            <child lootmax="0" lootmin="0" max="1" min="0" type="Animal_CapraHircus_Black"/>
            <child lootmax="0" lootmin="0" max="1" min="0" type="Animal_CapraHircus_Brown"/>
            <child lootmax="0" lootmin="0" max="1" min="1" type="Animal_CapraHircus_White"/>
        </children>
    </event>
    <event name="AnimalPig">
        <nominal>15</nominal>
        <min>10</min>
        <max>20</max>
        <lifetime>180</lifetime>
        <restock>0</restock>
        <saferadius>200</saferadius>
        <distanceradius>0</distanceradius>
        <cleanupradius>0</cleanupradius>
        <flags deletable="0" init_random="0" remove_damaged="1"/>
        <position>fixed</position>
        <limit>child</limit>
        <active>1</active>
        <children>
            <child lootmax="0" lootmin="0" max="2" min="1" type="Animal_SusDomesticus"/>
        </children>
    </event>
    <event name="AnimalRoeDeer">
        <nominal>10</nominal>
        <min>5</min>
        <max>20</max>
        <lifetime>180</lifetime>
        <restock>0</restock>
        <saferadius>200</saferadius>
        <distanceradius>0</distanceradius>
        <cleanupradius>0</cleanupradius>
        <flags deletable="0" init_random="0" remove_damaged="1"/>
        <position>fixed</position>
        <limit>child</limit>
        <active>1</active>
        <children>
            <child lootmax="0" lootmin="0" max="1" min="1" type="Animal_CapreolusCapreolus"/>
            <child lootmax="0" lootmin="0" max="4" min="2" type="Animal_CapreolusCapreolusF"/>
        </children>
    </event>
    <event name="AnimalSheep">
        <nominal>5</nominal>
        <min>4</min>
        <max>5</max>
        <lifetime>180</lifetime>
        <restock>0</restock>
        <saferadius>200</saferadius>
        <distanceradius>0</distanceradius>
        <cleanupradius>0</cleanupradius>
        <flags deletable="0" init_random="0" remove_damaged="1"/>
        <position>fixed</position>
        <limit>child</limit>
        <active>1</active>
        <children>
            <child lootmax="0" lootmin="0" max="2" min="1" type="Animal_OvisAries"/>
            <child lootmax="0" lootmin="0" max="5" min="3" type="Animal_OvisAriesF"/>
        </children>
    </event>
    <event name="AnimalWildBoar">
        <nominal>7</nominal>
        <min>1</min>
        <max>3</max>
        <lifetime>180</lifetime>
        <restock>0</restock>
        <saferadius>200</saferadius>
        <distanceradius>0</distanceradius>
        <cleanupradius>0</cleanupradius>
        <flags deletable="0" init_random="0" remove_damaged="1"/>
        <position>fixed</position>
        <limit>child</limit>
        <active>1</active>
        <children>
            <child lootmax="0" lootmin="0" max="6" min="3" type="Animal_SusScrofa"/>
        </children>
    </event>
    <event name="AnimalWolf">
        <nominal>15</nominal>
        <min>10</min>
        <max>20</max>
        <lifetime>180</lifetime>
        <restock>0</restock>
        <saferadius>200</saferadius>
        <distanceradius>0</distanceradius>
        <cleanupradius>0</cleanupradius>
        <flags deletable="0" init_random="0" remove_damaged="1"/>
        <position>fixed</position>
        <limit>child</limit>
        <active>1</active>
        <children>
            <child lootmax="0" lootmin="0" max="6" min="2" type="Animal_CanisLupus_Grey"/>
            <child lootmax="0" lootmin="0" max="4" min="0" type="Animal_CanisLupus_White"/>
        </children>
    </event>
    <event name="ItemPlanks">
        <nominal>50</nominal>
        <min>40</min>
        <max>50</max>
        <lifetime>7200</lifetime>
        <restock>0</restock>
        <saferadius>250</saferadius>
        <distanceradius>20</distanceradius>
        <cleanupradius>100</cleanupradius>
        <flags deletable="0" init_random="0" remove_damaged="0"/>
        <position>fixed</position>
        <limit>mixed</limit>
        <active>1</active>
        <children>
            <child lootmax="0" lootmin="0" max="50" min="30" type="PileOfWoodenPlanks"/>
        </children>
    </event>
    <event name="Loot">
        <nominal>0</nominal>
        <min>0</min>
        <max>0</max>
        <lifetime>0</lifetime>
        <restock>0</restock>
        <saferadius>0</saferadius>
        <distanceradius>0</distanceradius>
        <cleanupradius>50</cleanupradius>
        <flags deletable="0" init_random="0" remove_damaged="0"/>
        <position>fixed</position>
        <limit>custom</limit>
        <active>1</active>
        <children/>
    </event>
    <event name="StaticBonfire">
        <nominal>20</nominal>
        <min>0</min>
        <max>0</max>
        <lifetime>86400</lifetime>
        <restock>0</restock>
        <saferadius>100</saferadius>
        <distanceradius>5</distanceradius>
        <cleanupradius>2500</cleanupradius>
        <secondary>InfectedFirefighter</secondary>
        <flags deletable="0" init_random="0" remove_damaged="1"/>
        <position>fixed</position>
        <limit>child</limit>
        <active>0</active>
        <children>
            <child lootmax="8" lootmin="4" max="20" min="20" type="Bonfire"/>
        </children>
    </event>
    <event name="StaticChristmasTree">
        <nominal>13</nominal>
        <min>0</min>
        <max>0</max>
        <lifetime>86400</lifetime>
        <restock>0</restock>
        <saferadius>100</saferadius>
        <distanceradius>5</distanceradius>
        <cleanupradius>2500</cleanupradius>
        <flags deletable="0" init_random="0" remove_damaged="1"/>
        <position>uniform</position>
        <limit>child</limit>
        <active>0</active>
        <children>
            <child lootmax="0" lootmin="0" max="13" min="13" type="ChristmasTree"/>
        </children>
    </event>
    <event name="StaticFridgeTest">
        <nominal>0</nominal>
        <min>0</min>
        <max>0</max>
        <lifetime>0</lifetime>
        <restock>0</restock>
        <saferadius>500</saferadius>
        <distanceradius>500</distanceradius>
        <cleanupradius>0</cleanupradius>
        <flags deletable="1" init_random="0" remove_damaged="0"/>
        <position>fixed</position>
        <limit>mixed</limit>
        <active>0</active>
        <children/>
    </event>
    <event name="StaticHeliCrash">
        <nominal>30</nominal>
        <min>25</min>
        <max>40</max>
        <lifetime>10000</lifetime>
        <restock>0</restock>
        <saferadius>1000</saferadius>
        <distanceradius>1000</distanceradius>
        <cleanupradius>1000</cleanupradius>
        <secondary>InfectedArmy</secondary>
        <flags deletable="1" init_random="0" remove_damaged="0"/>
        <position>fixed</position>
        <limit>child</limit>
        <active>1</active>
        <children>
            <child lootmax="20" lootmin="10" max="3" min="1" type="Wreck_Mi8"/>
            <child lootmax="30" lootmin="20" max="5" min="3" type="Wreck_UH1Y"/>
        </children>
    </event>
    <event name="StaticPoliceCar">
        <nominal>10</nominal>
        <min>5</min>
        <max>10</max>
        <lifetime>2500</lifetime>
        <restock>0</restock>
        <saferadius>500</saferadius>
        <distanceradius>500</distanceradius>
        <cleanupradius>200</cleanupradius>
        <secondary>InfectedPolice</secondary>
        <flags deletable="1" init_random="0" remove_damaged="0"/>
        <position>fixed</position>
        <limit>child</limit>
        <active>1</active>
        <children>
            <child lootmax="5" lootmin="3" max="5" min="5" type="Land_Wreck_sed01_aban1_police"/>
            <child lootmax="5" lootmin="3" max="5" min="5" type="Land_Wreck_sed01_aban2_police"/>
        </children>
    </event>
    <event name="TrajectoryApple">
        <nominal>140</nominal>
        <min>2</min>
        <max>4</max>
        <lifetime>180</lifetime>
        <restock>0</restock>
        <saferadius>25</saferadius>
        <distanceradius>100</distanceradius>
        <cleanupradius>25</cleanupradius>
        <flags deletable="0" init_random="0" remove_damaged="0"/>
        <position>player</position>
        <limit>mixed</limit>
        <active>1</active>
        <children>
            <child lootmax="0" lootmin="0" max="0" min="0" type="Apple"/>
        </children>
    </event>
    <event name="TrajectoryCanina">
        <nominal>140</nominal>
        <min>2</min>
        <max>4</max>
        <lifetime>180</lifetime>
        <restock>0</restock>
        <saferadius>25</saferadius>
        <distanceradius>100</distanceradius>
        <cleanupradius>25</cleanupradius>
        <flags deletable="0" init_random="0" remove_damaged="0"/>
        <position>player</position>
        <limit>mixed</limit>
        <active>0</active>
        <children>
            <child lootmax="0" lootmin="0" max="0" min="0" type="CaninaBerry"/>
        </children>
    </event>
    <event name="TrajectoryConiferous">
        <nominal>140</nominal>
        <min>2</min>
        <max>4</max>
        <lifetime>180</lifetime>
        <restock>0</restock>
        <saferadius>25</saferadius>
        <distanceradius>100</distanceradius>
        <cleanupradius>25</cleanupradius>
        <flags deletable="0" init_random="0" remove_damaged="0"/>
        <position>player</position>
        <limit>mixed</limit>
        <active>1</active>
        <children>
            <child lootmax="0" lootmin="0" max="0" min="0" type="BoletusMushroom"/>
            <child lootmax="0" lootmin="0" max="0" min="0" type="MacrolepiotaMushroom"/>
        </children>
    </event>
    <event name="TrajectoryDeciduous">
        <nominal>140</nominal>
        <min>2</min>
        <max>4</max>
        <lifetime>180</lifetime>
        <restock>0</restock>
        <saferadius>25</saferadius>
        <distanceradius>100</distanceradius>
        <cleanupradius>25</cleanupradius>
        <flags deletable="0" init_random="0" remove_damaged="0"/>
        <position>player</position>
        <limit>mixed</limit>
        <active>1</active>
        <children>
            <child lootmax="0" lootmin="0" max="0" min="0" type="LactariusMushroom"/>
        </children>
    </event>
    <event name="TrajectoryHumus">
        <nominal>140</nominal>
        <min>2</min>
        <max>4</max>
        <lifetime>180</lifetime>
        <restock>0</restock>
        <saferadius>25</saferadius>
        <distanceradius>100</distanceradius>
        <cleanupradius>25</cleanupradius>
        <flags deletable="0" init_random="0" remove_damaged="0"/>
        <position>player</position>
        <limit>mixed</limit>
        <active>1</active>
        <children>
            <child lootmax="0" lootmin="0" max="0" min="0" type="AgaricusMushroom"/>
            <child lootmax="0" lootmin="0" max="0" min="0" type="PleurotusMushroom"/>
        </children>
    </event>
    <event name="TrajectoryPear">
        <nominal>140</nominal>
        <min>2</min>
        <max>4</max>
        <lifetime>180</lifetime>
        <restock>0</restock>
        <saferadius>25</saferadius>
        <distanceradius>100</distanceradius>
        <cleanupradius>25</cleanupradius>
        <flags deletable="0" init_random="0" remove_damaged="0"/>
        <position>player</position>
        <limit>mixed</limit>
        <active>1</active>
        <children>
            <child lootmax="0" lootmin="0" max="0" min="0" type="Pear"/>
        </children>
    </event>
    <event name="TrajectoryPlum">
        <nominal>140</nominal>
        <min>2</min>
        <max>4</max>
        <lifetime>180</lifetime>
        <restock>0</restock>
        <saferadius>25</saferadius>
        <distanceradius>100</distanceradius>
        <cleanupradius>25</cleanupradius>
        <flags deletable="0" init_random="0" remove_damaged="0"/>
        <position>player</position>
        <limit>mixed</limit>
        <active>1</active>
        <children>
            <child lootmax="0" lootmin="0" max="0" min="0" type="Plum"/>
        </children>
    </event>
    <event name="TrajectorySambucus">
        <nominal>140</nominal>
        <min>2</min>
        <max>4</max>
        <lifetime>180</lifetime>
        <restock>0</restock>
        <saferadius>25</saferadius>
        <distanceradius>100</distanceradius>
        <cleanupradius>25</cleanupradius>
        <flags deletable="0" init_random="0" remove_damaged="0"/>
        <position>player</position>
        <limit>mixed</limit>
        <active>0</active>
        <children>
            <child lootmax="0" lootmin="0" max="0" min="0" type="SambucusBerry"/>
        </children>
    </event>
    <event name="TrajectoryStones">
        <nominal>100</nominal>
        <min>1</min>
        <max>2</max>
        <lifetime>180</lifetime>
        <restock>0</restock>
        <saferadius>25</saferadius>
        <distanceradius>100</distanceradius>
        <cleanupradius>25</cleanupradius>
        <flags deletable="0" init_random="0" remove_damaged="0"/>
        <position>player</position>
        <limit>mixed</limit>
        <active>1</active>
        <children>
            <child lootmax="0" lootmin="0" max="0" min="0" type="SmallStone"/>
        </children>
    </event>
    <event name="VehicleCivilianSedan">
        <nominal>15</nominal>
        <min>10</min>
        <max>20</max>
        <lifetime>300</lifetime>
        <restock>0</restock>
        <saferadius>500</saferadius>
        <distanceradius>500</distanceradius>
        <cleanupradius>200</cleanupradius>
        <flags deletable="0" init_random="0" remove_damaged="1"/>
        <position>fixed</position>
        <limit>mixed</limit>
        <active>1</active>
        <children>
            <child lootmax="0" lootmin="0" max="5" min="3" type="CivilianSedan"/>
            <child lootmax="0" lootmin="0" max="5" min="3" type="CivilianSedan_Black"/>
            <child lootmax="0" lootmin="0" max="5" min="3" type="CivilianSedan_Wine"/>
        </children>
    </event>
    <event name="VehicleHatchback02">
        <nominal>15</nominal>
        <min>10</min>
        <max>20</max>
        <lifetime>300</lifetime>
        <restock>0</restock>
        <saferadius>500</saferadius>
        <distanceradius>500</distanceradius>
        <cleanupradius>200</cleanupradius>
        <flags deletable="0" init_random="0" remove_damaged="1"/>
        <position>fixed</position>
        <limit>mixed</limit>
        <active>1</active>
        <children>
            <child lootmax="0" lootmin="0" max="5" min="3" type="Hatchback_02"/>
            <child lootmax="0" lootmin="0" max="5" min="3" type="Hatchback_02_Black"/>
            <child lootmax="0" lootmin="0" max="5" min="3" type="Hatchback_02_Blue"/>
        </children>
    </event>
    <event name="VehicleOffroadHatchback">
        <nominal>15</nominal>
        <min>10</min>
        <max>20</max>
        <lifetime>300</lifetime>
        <restock>0</restock>
        <saferadius>500</saferadius>
        <distanceradius>500</distanceradius>
        <cleanupradius>200</cleanupradius>
        <flags deletable="0" init_random="0" remove_damaged="1"/>
        <position>fixed</position>
        <limit>mixed</limit>
        <active>1</active>
        <children>
            <child lootmax="0" lootmin="0" max="5" min="3" type="OffroadHatchback"/>
            <child lootmax="0" lootmin="0" max="5" min="3" type="OffroadHatchback_Blue"/>
            <child lootmax="0" lootmin="0" max="5" min="3" type="OffroadHatchback_White"/>
        </children>
    </event>
    <event name="VehicleSedan02">
        <nominal>15</nominal>
        <min>10</min>
        <max>20</max>
        <lifetime>300</lifetime>
        <restock>0</restock>
        <saferadius>500</saferadius>
        <distanceradius>500</distanceradius>
        <cleanupradius>200</cleanupradius>
        <flags deletable="0" init_random="0" remove_damaged="1"/>
        <position>fixed</position>
        <limit>mixed</limit>
        <active>1</active>
        <children>
            <child lootmax="0" lootmin="0" max="5" min="3" type="Sedan_02"/>
            <child lootmax="0" lootmin="0" max="5" min="3" type="Sedan_02_Grey"/>
            <child lootmax="0" lootmin="0" max="5" min="3" type="Sedan_02_Red"/>
        </children>
    </event>
    <event name="VehicleTruck01">
        <nominal>100</nominal>
        <min>30</min>
        <max>35</max>
        <lifetime>300</lifetime>
        <restock>0</restock>
        <saferadius>500</saferadius>
        <distanceradius>500</distanceradius>
        <cleanupradius>200</cleanupradius>
        <flags deletable="0" init_random="0" remove_damaged="1"/>
        <position>fixed</position>
        <limit>mixed</limit>
        <active>1</active>
        <children>
            <child lootmax="0" lootmin="0" max="30" min="30" type="Truck_01_Covered"/>
            <child lootmax="0" lootmin="0" max="30" min="30" type="Truck_01_Covered_Blue"/>
            <child lootmax="0" lootmin="0" max="30" min="30" type="Truck_01_Covered_Orange"/>
        </children>
    </event>
	<event name="StaticBonfire1">
        <nominal>1</nominal> <!-- total of child lines -->
        <min>1</min><!-- same as nominal -->
        <max>1</max><!-- same as nominal -->
        <lifetime>3888000</lifetime>
        <restock>1</restock>
        <saferadius>0</saferadius>
        <distanceradius>0</distanceradius>
        <cleanupradius>100</cleanupradius>
        <flags deletable="0" init_random="0" remove_damaged="0"/>
        <position>fixed</position>
        <limit>mixed</limit>
        <active>1</active>
        <children>
            <child lootmax="0" lootmin="0" max="1" min="1" type="Bonfire"/>
        </children>
	</event> 
	<event name="StaticBonfire2">
        <nominal>1</nominal> <!-- total of child lines -->
        <min>1</min><!-- same as nominal -->
        <max>1</max><!-- same as nominal -->
        <lifetime>3888000</lifetime>
        <restock>1</restock>
        <saferadius>0</saferadius>
        <distanceradius>0</distanceradius>
        <cleanupradius>100</cleanupradius>
        <flags deletable="0" init_random="0" remove_damaged="0"/>
        <position>fixed</position>
        <limit>mixed</limit>
        <active>1</active>
        <children>
            <child lootmax="0" lootmin="0" max="1" min="1" type="Bonfire"/>
        </children>
		</event> 
</events>
