<?xml version="1.0" encoding="UTF-8" standalone="yes" ?>
<eventposdef>
<!-- sea chest and berrel spawns  and custom drops                    start --> 
	  <event name="ItemSeaChest3"> <!-- trader  --> 
	    <pos x="3702.01" z="5963.08" a="-1" /> 
	</event> 
	  <event name="ItemSeaChest12"> <!-- blue  --> 
	    <pos x="2905.9" z="12545.6" a="-1" /> 
	</event>
	 <event name="ItemSeaChest5"> <!-- stary  --> 
	    <pos x="6549.9" z="8446.8" a="-1" /> 
	</event>
	<event name="Itembandrop2"> <!-- vybor  --> 
	    <pos x="4146.30" z="8893.34" a="-1" /> 
	</event>
	<event name="Itemdrop50"> <!-- green  --> 
	    <pos x="3220.9" z="6127.9" a="-1" /> 
	</event>
	<event name="Itemdrop55"> <!-- blue --> 
	    <pos x="2875.2" z="12554.8" a="-1" /> 
	</event>
	<event name="Itemdrop65"> <!--  blue --> 
	    <pos x="2879.7" z="12564.5" a="-1" /> 
	</event>
    <event name="Itemdrop678"> <!-- nolos --> 
	    <pos x="1312.4" z="4109.4" a="-1" />
    </event>
    <event name="Itemdrop66"> <!-- blue --> 
	    <pos x="2894.2" z="12549.8" a="-1" />
	</event>
	 <event name="ItemAmmoDrop90"> <!-- newdrop  --> 
	    <pos x="5631.0" z="8555.0" a="-1" /> 
	</event>
	 <event name="ItemAmmoDrop91"> <!-- summercamp  --> 
	    <pos x="3218.83" z="6133.21" a="-1" /> 
	</event>
	 <event name="ItemAmmoDrop101"> <!-- smokin  --> 
	    <pos x="2868.1" z="12630.3" a="-1" /> 
	</event>
	 <event name="ItemDrop155"> <!-- vybor  --> 
	    <pos x="4054.3" z="8924.2" a="-1" /> 
	</event>
		 <event name="ItemDropGhille"> <!-- airfeild  --> 
	    <pos x="11951.1" z="12541.6" a="-1" /> 
	</event>
		 <event name="ItemDropBarbedWire"> <!-- airfeild  --> 
	    <pos x="11956.9" z="12511.9" a="-1" /> 
    </event>
        <event name="ItemDropBarbedWire255"> <!-- nolos  --> 
	    <pos x="1390.42" z="4040.03" a="-1" /> 
	</event>
    <event name="ItemDropBarbedWire257"> <!-- nolos  --> 
	    <pos x="1310.23" z="4096.93" a="-1" /> 
	</event>
    <event name="CanisterGsaoline"> <!-- krasno  --> 
	    <pos x="11949.16" z="12554.92" a="-1" /> 
	</event>
			 <event name="ItemDropCamonet"> <!-- airfeild  --> 
	    <pos x="11925.3" z="12550.9" a="-1" /> 
    </event>
         <event name="ItemDropCamonet257"> <!-- krasno  --> 
	     <pos x="11947.68" z="12553.26" a="-1" /> 
	</event>
	<!-- custom car spawn --> 
	 <event name="Vehicle_Custom">
        <pos x="3703.95" z="5990.78" a="-1" /><!-- trader truck -->
    </event>
	  <event name="Vehicle_Custom20">
	    <pos x="1379.4" z="4028.1" a="-1" /><!-- nolos -->
	</event> 	
	 <event name="Vehicle_Custom1">
        <pos x="4091.2" z="8953.1" a="-1" /><!-- vybor -->
    </event>
	 <event name="Vehicle_Custom3">
        <pos x="1375.7" z="4027.2" a="-1" /><!-- nolos -->
    </event>
	  <event name="Vehicle_Custom5">
        <pos x="5308.56" z="8669.25" a="-1" /><!-- trader truck -->
    </event>
	<event name="Vehicle_Custom6">
        <pos x="4091.86" z="8944.87" a="-1" /><!-- vybor -->
    </event>
	<event name="Vehicle_Custom7">
        <pos x="4091.9" z="8936.5" a="-1" /><!-- vybor -->
    </event>
	<event name="Vehicle_Custom8">
        <pos x="2849.88" z="12562.50" a="-1" /><!-- topo -->
    </event>
	<event name="Vehicle_Custom9">
        <pos x="2838.2" z="12576.3" a="-1" /><!-- topo -->
    </event>
	<event name="Vehicle_Custom10">
        <pos x="2876.2" z="12646.4" a="-1" /><!-- topo -->
    </event>
	<event name="Vehicle_Custom12">
        <pos x="2857.6" z="12640" a="-1" /><!-- topo -->
    </event>
	<event name="Vehicle_Custom402">
        <pos x="4099.9" z="8947.0" a="-1" /><!-- vybor  -->
    </event>
	<event name="Vehicle_Custom40">
        <pos x="5513.4" z="8677.1" a="-1" /><!-- kambino  -->
    </event>
	<event name="Vehicle_Custom49">
        <pos x="5315.85" z="8664.39" a="-1" /><!-- kambino  -->
    </event>
	<event name="Vehicle_Custom15">
        <pos x="11889.3" z="12449.4" a="-1" /><!-- airfeild  -->
    </event>
	<event name="Vehicle_Custom16">
        <pos x="4138.52" z="8885.08" a="-1" /><!-- orf  -->
    </event>
	<!-- log spawns -->
	<event name="ItemLog4"> <!-- trader --> 
	     <pos x="3712.22" z="5970.37" a="-1" />
    </event>
    <event name="ItemLog256"> <!-- orf --> 
	     <pos x="9272.68" z="13465.20" a="-1" /> 
	</event>
	<event name="ItemLog13"> <!-- blue -->
	     <pos x="3761.80" z="13121.52" a="-1" /> 
	</event>
	<event name="ItemLog16"> <!-- airfeild -->
	     <pos x="11901.9" z="12453.61" a="-1" /> 
	</event>
	<event name="ItemLog3"> <!-- airfeild -->
	     <pos x="11832.47" z="12559.10" a="-1" /> 
	</event>
    <event name="ItemLog255"> <!-- nolos -->
	     <pos x="1306.03" z="4084.75" a="-1" /> 
	</event>
		<event name="ItemLog"> <!-- vmc -->
	     <pos x="4481.9" z="8324.1" a="-1" /> 
	</event>
	<!-- barrel spwans --> 
	<event name="ItemBarrel"> <!-- nolos --> 
	    <pos x="3819.64" z="13089.44" a="-1" />
	</event>
    <event name="ItemBarrel256"> <!-- seren --> 
	    <pos x="3694" z="5967" a="-1" />
	</event>
    <event name="ItemBarrel257"> <!-- krasno --> 
	    <pos x="11876.71" z="12584.14" a="-1" />
	</event>
	<event name="ItemBarrel2"> <!-- move to vybor --> 
	    <pos x="3699.5" z="5952.2" a="-1" />
	</event>
		<event name="ItemBarrel3"> <!-- topo --> 
	    <pos x="2906.27" z="12498.33" a="-1" />
	</event>
	<!-- plank spawns -->
	<event name="ItemPlank12"> <!--gf-->
	    <pos x="2637.45" z="1365.94" a="-1" />
	 </event>
	<event name="ItemPlank11"> <!-- trader --> 
	    <pos x="3721.45" z="5962.10" a="-1" />
	</event>
    <event name="ItemPlank256"> <!-- orf --> 
	    <pos x="9268.31" z="13472.98" a="-1" />
	</event>
	<event name="ItemPlank17"> <!--blue-->
	    <pos x="3779.78" z="13125.41" a="-1" />
	</event>
	<event name="ItemPlank18"> <!--vybor-->
	    <pos x="4186.16" z="8976.96" a="-1" />
	</event>
	<event name="ItemPlank19"> <!--airfeild-->
	    <pos x="11874.6" z="12481.3" a="-1" />
	</event>
		<event name="ItemPlank"> <!--vmc-->
	    <pos x="4469.5" z="8308.1" a="-1" />
	</event>
    <event name="ItemPlank257"> <!--vmc-->
	    <pos x="11897.12" z="12575.14" a="-1" />
	</event>
	<!--metal spawns -->
	<event name="ItemMetalPlate10"> <!-- gf --> 
	    <pos x="3696.17" z="5996.62" a="1" />
	</event>
	<event name="ItemMetalPlate8"> <!-- blue --> 
	    <pos x="3771.52" z="13121.52" a="-1" />
	</event>
	<event name="ItemMetalPlate11"><!--vybor--> 
	    <pos x="5317.31" z="8619.66" a="-1" />
	</event> 
		<event name="ItemMetalPlate7"><!--airfeild--> 
	    <pos x="11942.82" z="12503.19" a="-1" />
	</event>
			<event name="ItemMetalPlate"><!--orf--> 
	    <pos x="9262.47" z="13473.47" a="-1" />
	</event>
	<!-- spawn for pvp                                start-->
	   <event name="StaticBuilding75"> <!-- of-->
	   <pos x="4169.1" z="7933.2" a="1.000000" />
	</event>
	   <event name="StaticBuilding91">
	   <pos x="6043.05" z="7788.90" a="-1" />
	</event>
	   <event name="StaticBuildingC">
	   <pos x="6051.32" z="7949.32" a="-1" />
    </event>
	   <event name="StaticBuildingD">
	   <pos x="6160.20" z="7820.50" a="-1" />
	</event>
	   <event name="StaticBuildingE">
	   <pos x="6007.08" z="7650.36" a="-1" />
	</event>
       <event name="StaticBuildingF">
	   <pos x="11896.15" z="12532.36" a="-1" />
	</event>
	   <event name="StaticBuildingZ">
	   <pos x="6278.32" z="7990.64" a="-1" />
	</event>
	 <event name="StaticBuilding25">
	   <pos x="4908.99" z="2578.78" a="-1" />
	</event>
	 <event name="StaticBuilding26">
	   <pos x="5088.84" z="2555.45" a="-1" />
	</event>
	<event name="StaticBuilding27">
	   <pos x="5196.76" z="2221.98" a="-1" />
	</event>
	   <event name="ItemGuard1">
	   <pos x="6278.81" z="7592.03" a="-1" />
    </event>
       <event name="ItemGuard2">
	   <pos x="6196.66" z="7856.47" a="-1" />
    </event>
       <event name="ItemGuard3">
	   <pos x="6017.77" z="7697.03" a="-1" />
    </event>
       <event name="ItemGuard4">
	   <pos x="5979.86" z="7856.47" a="-1" />
    </event>
       <event name="ItemGuard5">
	   <pos x="6081.94" z="7954.18" a="-1" />
    </event>
       <event name="ItemGuard6">
	   <pos x="5996.39 " z="7885.64" a="-1" />
    </event>
       <event name="ItemGuard8">
       <pos x="6118.40" z="7714.53" a="-1" />
    </event>
       <event name="ItemGuard9">
	   <pos x="6298.25" z="7796.20" a="-1" />
    </event>
       <event name="ItemGuard10">
	   <pos x="6167.49" z="7867.17" a="-1" /> 
	</event>
	   <event name="ItemGuard11">
	   <pos x="6506.30" z="8433.48" a="-1" /> 
	</event>
	   <event name="ItemGuard12">
	   <pos x="4830.73" z="2412.05" a="-1" /> <!--2 bag spawn --> 
	</event>
	   <event name="ItemGuard13">
	   <pos x="5127.73" z="2220.52" a="-1" /> <!--2 bag spawn -->
	</event>
	  <event name="ItemGuard14">
	   <pos x="5310.99" z="2219.55" a="-1" /> <!--2 bag spawn -->
	</event>
	  <event name="ItemGuard17">
	   <pos x="5291.7" z="2677.0" a="-1" /> <!-- new bags on ground--> 
	</event>
	<event name="ItemGuard15"> <!-- blue F -->
	   <pos x="6278.81" z="7592.03" a="-1" />
    </event>
    <event name="ItemGuard16"> 
	   <pos x="3386.04" z="13051.04" a="-1" /> <!-- blue F -->
    </event>
	  <event name="ItemAmmoDrops78">
	    <pos x="6089.23" z="7989.18" a="-1" />
    </event>
        <event name="ItemAmmoDrops79">
	    <pos x="6010.48" z="7874.46" a="-1" />
    </event>
        <event name="ItemAmmoDrops80">
	    <pos x="6031.87" z="7842.38" a="-1" />
    </event>
        <event name="ItemAmmoDrops81">
	    <pos x="6299.71 " z="7674.67" a="-1" />
    </event> 
    <!-- end of spawn                                       end -->	
	<!-- npc                                              start -->
	<event name="StaticMan50"> <!-- trader --> 
		<pos x="3692.29" z="5950.92" a="-1" />
	</event>
		<event name="StaticMan51"> <!-- trader --> 
		<pos x="3751.59" z="13087.01" a="-1" />
	</event>
		<event name="StaticMan52"> <!-- building --> 
		<pos x="3685.48" z="5956.76" a="-1" />
	</event>
	<event name="StaticMan4"> <!-- trader --> 
		<pos x="5347.93" z="8634.73" a="-1" />
	</event>
	<event name="StaticMan12"> <!--blue-->
		<pos x="3744.30" z="13077.29" a="-1" />
	</event>
	<event name="StaticMan6"> <!-- trader -->
		<pos x="5328.00" z="8647.86" a="-1" />
	</event>
	<event name="StaticMan45"><!-- trader --> 
		<pos x="5328.97" z="8642.03" a="-1" />
	</event>
	<event name="StaticMan48"><!-- pink -->
		<pos x="8479.86" z="12921.73" a="-1" />
	</event>
	<event name="StaticMan9"><!-- trader -->
		<pos x="5332.38" z="8641.05" a="-1" />
	</event>
	<event name="StaticMan3"><!-- blue -->
		<pos x="3741.87" z="13074.37" a="-1" />
	</event>
	<event name="StaticMan11"><!-- blue -->
		<pos x="3747.21" z="13075.83" a="-1" />
	</event>
		<event name="StaticMan"><!-- orf -->
		<pos x="9273.17" z="13465.20" a="-1" />
	</event>
		<event name="StaticMan46"><!-- orf -->
		<pos x="9277.06" z="13461.32" a="-1" />
	</event>
	<!-- end of npc -->
	<!--wells and towers custom players spawns -->
	<event name="StaticBuilding60">
		<pos x="3723.2" z="5968.9" a="-1" />
	</event>
		<event name="StaticBuilding85">
		<pos x="4494.8" z="8258.5" a="-1" />
	</event>
	<event name="StaticBuilding65"> <!-- tisy -->
		<pos x="1553.6" z="14074.7" a="-1" /> 
	</event> 
	<event name="StaticBuilding38">
		<pos x="1355.2" z="4096.8" a="-1" />
	</event>
	<event name="StaticBuilding61"> <!-- kambino  -->
		<pos x="5506.8" z="8667.3" a="-1" />
	</event>
	<event name="StaticBuilding70"> <!-- smokin  -->
		<pos x="2899.6" z="12556.7" a="-1" />
	</event>
	<event name="StaticBuilding101"><!--redbase-->
		<pos x="4155.0" z="8937.1" a="-1" />
	</event>
	<event name="StaticBuilding30">
	<pos x="2869.3" z="9690.7" a="-1" /> <!-- tower --> 
	</event>
	<event name="StaticBuilding88">
	<pos x="4167.3" z="8892.3" a="-1" /> <!--  red tower --> 
	</event>
	<event name="StaticBuilding89">
	<pos x="4172.9" z="8984.7" a="-1" /> <!--  red tower --> 
	</event>
	<event name="ItemBody4">
	<pos x="4663.4" z="10325.3" a="-1" /> <!-- zombiez --> 
	</event>
	<event name="StaticBonfire1">
	<pos x="4033.04" z="8933.69" a="-1" /> <!--  vybor fire --> 
	</event>
	<event name="StaticBonfire2">
	<pos x="4030.61" z="8954.11" a="-1" /> <!-- vybor fire--> 
	</event>
	    <event name="StaticBuildingWell"> <!-- airfeild  -->
		<pos x="11896.7" z="12490.1" a="-1" />
	</event>
    <!-- end of custom things --> 
	<event name="VehicleCivilianSedan">
		<pos x="12071.933594" z="9129.989258" a="317.953339" />
		<pos x="12302.375001" z="9051.289062" a="60.399284" />
		<pos x="10182.458985" z="1987.5271" a="29.172445" />
		<pos x="12091.686524" z="9714.399414" a="12.737254" />
		<pos x="10225.519532" z="2295.495606" a="19.037407" />
		<pos x="12824.800782" z="10115.754882" a="109.841797" />
		<pos x="3302.415771" z="15085.144531" a="196.331924" />
		<pos x="8050.074219" z="12635.333008" a="13.159567" />
		<pos x="7512.847657" z="12662.436523" a="114.156029" />
		<pos x="8453.134765" z="12925.985352" a="238.242706" />
		<pos x="1826.171265" z="11523.147461" a="334.251556" />
		<pos x="4338.91211" z="13080.067383" a="87.996704" />
		<pos x="2840.061523" z="5291.243164" a="195.853622" />
		<pos x="6497.130371" z="3666.682617" a="169.557327" />
		<pos x="3100.357178" z="12648.152343" a="140.246918" />
		<pos x="3422.715332" z="12687.709961" a="279.536133" />
		<pos x="2800.383789" z="12430.113282" a="320.89798" />
		<pos x="3645.41455" z="13053.004883" a="266.182526" />
		<pos x="7585.864747" z="13475.749023" a="51.565384" />
		<pos x="6299.643555" z="12683.215821" a="358.014069" />
		<pos x="7566.753418" z="5168.566895" a="261.046539" />
		<pos x="2682.603759" z="5309.274902" a="178.93927" />
		<pos x="12045.523437" z="3596.812988" a="173.597672" />
		<pos x="12972.755859" z="10216.163086" a="296.382141" />
		<pos x="10698.356445" z="14456.123047" a="270.085876" />
		<pos x="12177.540039" z="9860.658203" a="267.620605" />
		<pos x="13354.9375" z="5440.334472" a="182.363083" />
		<pos x="10226.19336" z="4077.481201" a="53.962166" />
		<pos x="13376.521485" z="6292.043945" a="85.942299" />
		<pos x="6351.200195" z="3026.58374" a="180.581482" />
		<pos x="12574.947265" z="13818.470703" a="265.155304" />
		<pos x="13517.767578" z="14032.641602" a="241.050461" />
		<pos x="10748.920898" z="10804.446289" a="146.822037" />
		<pos x="12144.045898" z="13605.517578" a="192.635056" />
		<pos x="11827.104493" z="14276.587891" a="43.142353" />
		<pos x="11343.359375" z="14458.152344" a="266.045563" />
		<pos x="9602.131836" z="13731.836914" a="89.648" />
		<pos x="11684.735351" z="15060.845704" a="299.532288" />
		<pos x="11581.6875" z="14659.184571" a="325.965485" />
		<pos x="3812.261719" z="8846.743164" a="157.846222" />
		<pos x="7013.043945" z="2794.620849" a="188.115402" />
		<pos x="6096.106933" z="3433.971923" a="181.267349" />
		<pos x="6351.21875" z="2522.914306" a="130.797729" />
		<pos x="675.521667" z="1833.067627" a="229.408783" />
		<pos x="6373.461426" z="2829.312988" a="106.760185" />
		<pos x="8705.510742" z="11638.066407" a="349.38562" />
		<pos x="6807.616211" z="2688.372803" a="0" />
		<pos x="2678.105225" z="5594.08545" a="14.997099" />
		<pos x="5676.147461" z="2372.28125" a="159.832138" />
		<pos x="5866.409668" z="2201.368164" a="78.957336" />
		<pos x="3338.138428" z="4957.521485" a="315.282593" />
		<pos x="6852.667969" z="3072.889404" a="110.047241" />
		<pos x="6483.750489" z="2902.655274" a="0" />
		<pos x="6916.957519" z="3421.918457" a="296.656128" />
		<pos x="2529.212891" z="5041.117676" a="56.153545" />
	</event>
	<event name="VehicleSedan02">
		<pos x="10569.078124" z="2231.893555" a="233.038239" />
		<pos x="11820.751953" z="9202.173828" a="255.157227" />
		<pos x="12303.65625" z="9480.824219" a="268.099976" />
		<pos x="10571.126953" z="2077.7771" a="335.004883" />
		<pos x="10023.651368" z="2110.524902" a="80.66935" />
		<pos x="13000.017579" z="10084.211914" a="20.201572" />
		<pos x="9439.901368" z="8822.011718" a="98.371407" />
		<pos x="10181.249024" z="2587.064942" a="0" />
		<pos x="13254.9375" z="3983.423584" a="312.885803" />
		<pos x="12324.583984" z="9699.463867" a="243.378723" />
		<pos x="10113.503906" z="1929.396363" a="281.67807" />
		<pos x="10445.53711" z="2417.548828" a="55.126339" />
		<pos x="14007.046876" z="13466.691406" a="60.399292" />
		<pos x="11606.829102" z="14763.918945" a="59.441593" />
		<pos x="9512.074218" z="13663.202149" a="264.196594" />
		<pos x="11480.652344" z="14897.098633" a="306.928101" />
		<pos x="11271.461914" z="12211.911133" a="10.580148" />
		<pos x="11673.871094" z="14660.335937" a="148.397064" />
		<pos x="11626.257813" z="14096.237305" a="339.182129" />
		<pos x="13587.6875" z="11762.070312" a="215.165009" />
		<pos x="12373.480468" z="14350.537109" a="188.937195" />
		<pos x="12992.793946" z="8000.317383" a="4.588165" />
		<pos x="12109.954101" z="7284.124023" a="190.649155" />
		<pos x="12750.03125" z="9575.515625" a="0" />
		<pos x="12821.675781" z="9904.463867" a="117.716995" />
		<pos x="7883.86084" z="12785.449219" a="285.630798" />
		<pos x="6683.016601" z="2677.349122" a="311.721649" />
		<pos x="7885.955566" z="12417.638672" a="279.125214" />
		<pos x="3286.788575" z="13059.017578" a="58.344879" />
		<pos x="3586.098144" z="12596.460938" a="258.444275" />
		<pos x="3366.060303" z="12965.846679" a="148.875351" />
		<pos x="7061.245605" z="12687.485352" a="264.196594" />
		<pos x="6918.761231" z="7788.401367" a="53.414337" />
		<pos x="2719.66748" z="6736.751464" a="169.289169" />
		<pos x="8207.800781" z="3093.641601" a="116.484344" />
		<pos x="6935.296387" z="3646.820801" a="341.921326" />
		<pos x="6395.531738" z="2308.133545" a="314.118469" />
		<pos x="2690.495606" z="5378.039551" a="13.011185" />
		<pos x="1655.894409" z="3837.224121" a="252.212601" />
		<pos x="6382.876953" z="7562.461426" a="297.438385" />
		<pos x="3435.636719" z="12897.413086" a="317.473969" />
		<pos x="6254.747558" z="3259.489014" a="245.775513" />
		<pos x="2789.38794" z="5436.479492" a="54.578491" />
		<pos x="1123.158326" z="2393.095215" a="59.782928" />
		<pos x="5857.524414" z="2559.282227" a="237.763336" />
		<pos x="8216.744141" z="12239.941406" a="77.039909" />
		<pos x="2225.053955" z="11088.736328" a="264.196564" />
		<pos x="8074.13916" z="12813.720703" a="164.96814" />
		<pos x="6600.937988" z="2533.387452" a="312.74884" />
		<pos x="6796.64795" z="3542.257812" a="93.47509" />
		<pos x="3423.348633" z="13142.171876" a="328.019897" />
		<pos x="2507.338135" z="5313.074707" a="91.14679" />
		<pos x="2378.781006" z="5276.488281" a="185.033798" />
		<pos x="7814.704102" z="12586.8125" a="74.300705" />
		<pos x="334.104675" z="9440.325195" a="141.411026" />
		<pos x="10267.063476" z="14096.307618" a="315.008789" />
		<pos x="14139.21875" z="13050.478516" a="339.524506" />
		<pos x="6811.413574" z="2487.961426" a="232.284943" />
		<pos x="6535.591797" z="2388.384522" a="310.934296" />
	</event>
	<event name="VehicleHatchback02">
		<pos x="9896.289063" z="1841.832641" a="88.544548" />
		<pos x="12071.933594" z="9129.989258" a="317.953339" />
		<pos x="12302.375001" z="9051.289062" a="60.399284" />
		<pos x="10182.458985" z="1987.5271" a="29.172445" />
		<pos x="12091.686524" z="9714.399414" a="12.737254" />
		<pos x="10225.519532" z="2295.495606" a="19.037407" />
		<pos x="12824.800782" z="10115.754882" a="109.841797" />
		<pos x="3302.415771" z="15085.144531" a="196.331924" />
		<pos x="8050.074219" z="12635.333008" a="13.159567" />
		<pos x="7512.847657" z="12662.436523" a="114.156029" />
		<pos x="8453.134765" z="12925.985352" a="238.242706" />
		<pos x="1826.171265" z="11523.147461" a="334.251556" />
		<pos x="4338.91211" z="13080.067383" a="87.996704" />
		<pos x="2840.061523" z="5291.243164" a="195.853622" />
		<pos x="6497.130371" z="3666.682617" a="169.557327" />
		<pos x="3100.357178" z="12648.152343" a="140.246918" />
		<pos x="3422.715332" z="12687.709961" a="279.536133" />
		<pos x="2800.383789" z="12430.113282" a="320.89798" />
		<pos x="3645.41455" z="13053.004883" a="266.182526" />
		<pos x="7585.864747" z="13475.749023" a="51.565384" />
		<pos x="6299.643555" z="12683.215821" a="358.014069" />
		<pos x="7566.753418" z="5168.566895" a="261.046539" />
		<pos x="2682.603759" z="5309.274902" a="178.93927" />
		<pos x="12045.523437" z="3596.812988" a="173.597672" />
		<pos x="12972.755859" z="10216.163086" a="296.382141" />
		<pos x="10698.356445" z="14456.123047" a="270.085876" />
		<pos x="12177.540039" z="9860.658203" a="267.620605" />
		<pos x="13354.9375" z="5440.334472" a="182.363083" />
		<pos x="10226.19336" z="4077.481201" a="53.962166" />
		<pos x="13376.521485" z="6292.043945" a="85.942299" />
		<pos x="6351.200195" z="3026.58374" a="180.581482" />
		<pos x="12574.947265" z="13818.470703" a="265.155304" />
		<pos x="13517.767578" z="14032.641602" a="241.050461" />
		<pos x="10748.920898" z="10804.446289" a="146.822037" />
		<pos x="12144.045898" z="13605.517578" a="192.635056" />
		<pos x="11827.104493" z="14276.587891" a="43.142353" />
		<pos x="11343.359375" z="14458.152344" a="266.045563" />
		<pos x="9514.131836" z="13691.836914" a="182.431564" />
		<pos x="11684.735351" z="15060.845704" a="299.532288" />
		<pos x="11581.6875" z="14659.184571" a="325.965485" />
		<pos x="3812.261719" z="8846.743164" a="157.846222" />
		<pos x="7013.043945" z="2794.620849" a="188.115402" />
		<pos x="6096.106933" z="3433.971923" a="181.267349" />
		<pos x="6351.21875" z="2522.914306" a="130.797729" />
		<pos x="675.521667" z="1833.067627" a="229.408783" />
		<pos x="6373.461426" z="2829.312988" a="106.760185" />
		<pos x="8705.510742" z="11638.066407" a="349.38562" />
		<pos x="6807.616211" z="2688.372803" a="0" />
		<pos x="2678.105225" z="5594.08545" a="14.997099" />
		<pos x="5676.147461" z="2372.28125" a="159.832138" />
		<pos x="5866.409668" z="2201.368164" a="78.957336" />
		<pos x="3338.138428" z="4957.521485" a="315.282593" />
		<pos x="6852.667969" z="3072.889404" a="110.047241" />
		<pos x="6483.750489" z="2902.655274" a="0" />
		<pos x="6916.957519" z="3421.918457" a="296.656128" />
		<pos x="2529.212891" z="5041.117676" a="56.153545" />
	</event>
    <event name="StaticHeliCrash">
		<zone smin="1" smax="3" dmin="3" dmax="5" r="45" />
		<pos x="558.859619" z="12918.953125" a="-1" />
		<pos x="154.159332" z="13299.455078" a="-1" />
		<pos x="3886.950928" z="13213.515625" a="-1" />
		<pos x="4607.622071" z="13640.048828" a="-1" />
		<pos x="1629.344849" z="15056.105469" a="-1" />
		<pos x="5016.493164" z="13341.447266" a="-1" />
		<pos x="1460.164551" z="11699.333008" a="-1" />
		<pos x="4392.249024" z="14725.830078" a="-1" />
		<pos x="1990.222656" z="14233.742188" a="-1" />
		<pos x="2098.057373" z="12618.232422" a="-1" />
		<pos x="2452.024903" z="15083.825195" a="-1" />
		<pos x="612.269104" z="14440.185547" a="-1" />
		<pos x="3488.112549" z="15106.688477" a="-1" />
		<pos x="2532.082519" z="13382.639648" a="-1" />
		<pos x="4049.804199" z="13904.515625" a="-1" />
		<pos x="3178.520996" z="13502.986328" a="-1" />
		<pos x="5732.232422" z="14279.795899" a="-1" />
		<pos x="1728.4823" z="10094.250977" a="-1" />
		<pos x="3275.309814" z="9366.686523" a="-1" />
		<pos x="2692.553223" z="8262.087891" a="-1" />
		<pos x="1610.003784" z="11090.4375" a="-1" />
		<pos x="3322.967285" z="10625.592773" a="-1" />
		<pos x="2991.669678" z="10143.976562" a="-1" />
		<pos x="7666.969726" z="11698.389649" a="-1" />
		<pos x="7143.305176" z="9730.668945" a="-1" />
		<pos x="1994.933838" z="9014.110351" a="-1" />
		<pos x="2043.229736" z="10662.374024" a="-1" />
		<pos x="1053.390381" z="10812.615235" a="-1" />
		<pos x="350.116211" z="9787.40918" a="-1" />
		<pos x="4478.339844" z="12218.993164" a="-1" />
		<pos x="4552.201171" z="11486.540039" a="-1" />
		<pos x="2902.542236" z="11594.443359" a="-1" />
		<pos x="5220.595703" z="11018.12793" a="-1" />
		<pos x="2340.268555" z="11938.21289" a="-1" />
		<pos x="5393.896485" z="10571.462891" a="-1" />
		<pos x="5970.649902" z="9867.347656" a="-1" />
		<pos x="2560.009033" z="9439.714844" a="-1" />
		<pos x="405.997742" z="8094.958984" a="-1" />
		<pos x="460.389587" z="10667.038086" a="-1" />
		<pos x="3721.485351" z="10297.698242" a="-1" />
		<pos x="2009.076172" z="9613.862305" a="-1" />
		<pos x="1762.899292" z="12215.012695" a="-1" />
		<pos x="4810.452637" z="12709.970703" a="-1" />
		<pos x="2333.501953" z="10265.960938" a="-1" />
		<pos x="4065.664795" z="9341.539063" a="-1" />
		<pos x="3509.76416" z="8003.174316" a="-1" />
		<pos x="5338.701172" z="11767.56543" a="-1" />
		<pos x="1299.361694" z="9946.346679" a="-1" />
		<pos x="3952.230469" z="11094.624023" a="-1" />
		<pos x="4905.97461" z="6278.68457" a="-1" />
		<pos x="370.531036" z="5023.79834" a="-1" />
		<pos x="917.921875" z="4781.028809" a="-1" />
		<pos x="6289.675293" z="6213.68164" a="-1" />
		<pos x="6204.925293" z="8301.290039" a="-1" />
		<pos x="907.425049" z="4236.119141" a="-1" />
		<pos x="1409.999878" z="4299.21582" a="-1" />
		<pos x="6297.924804" z="9011.773438" a="-1" />
		<pos x="3844.900146" z="4910.077148" a="-1" />
		<pos x="5135.983886" z="7630.080078" a="-1" />
		<pos x="1207.821045" z="5279.723144" a="-1" />
		<pos x="1226.761841" z="6535.904297" a="-1" />
		<pos x="4130.532715" z="7949.016113" a="-1" />
		<pos x="874.107422" z="5498.936524" a="-1" />
		<pos x="3059.183367" z="7348.792174" a="-1" />
		<pos x="1832.063476" z="5032.705078" a="-1" />
		<pos x="410.191589" z="3820.056885" a="-1" />
		<pos x="147.875" z="5967.167" a="153.538376" />
		<pos x="2345.890869" z="7780.26123" a="-1" />
		<pos x="4018.187256" z="7302.03125" a="-1" />
		<pos x="999.780578" z="3598.624023" a="-1" />
		<pos x="2364.616943" z="6718.591309" a="-1" />
		<pos x="8006.187011" z="8178.071289" a="-1" />
		<pos x="3540.563965" z="6409.336914" a="-1" />
		<pos x="1503.997071" z="4832.345703" a="-1" />
		<pos x="1106.205078" z="7437.662598" a="-1" />
		<pos x="4989.249024" z="8937.190429" a="-1" />
		<pos x="4308.358886" z="8577.78125" a="-1" />
		<pos x="2509.957276" z="5827.195801" a="-1" />
		<pos x="162.172" z="7000.999" a="193.312347" />
		<pos x="1737.581177" z="7819.769043" a="-1" />
		<pos x="4126.941406" z="6903.794433" a="-1" />
		<pos x="5416.428222" z="5648.294922" a="-1" />
		<pos x="2740.843994" z="3306.333008" a="-1" />
		<pos x="1650.721802" z="2355.52124" a="-1" />
		<pos x="2759.578125" z="2405.060547" a="-1" />
		<pos x="1703.105957" z="3153.738526" a="-1" />
		<pos x="1310.788574" z="3723.900391" a="-1" />
		<pos x="4284.979004" z="5568.522949" a="-1" />
		<pos x="328.247772" z="2437.281006" a="-1" />
		<pos x="3121.659668" z="4410.962403" a="-1" />
		<pos x="2331.122803" z="4049.143311" a="-1" />
		<pos x="1160.676758" z="2613.634033" a="-1" />
		<pos x="3427.892578" z="3295.283448" a="-1" />
		<pos x="4848.869629" z="4719.773438" a="-1" />
		<pos x="655.947754" z="1965.813354" a="-1" />
    </event>
	<event name="StaticChristmasTree">
		<pos x="6560.29" z="2462.12" a="0.0" />
		<pos x="1652.66" z="14230.71" a="0.0" />
		<pos x="3801.06" z="8847.76" a="0.0" />
		<pos x="9442.32" z="8829.03" a="0.0" />
		<pos x="7903.16" z="12576.52" a="0.0" />
		<pos x="11617.75" z="14663.98" a="0.0" />
		<pos x="12830.08" z="10115.18" a="0.0" />
		<pos x="11221.94" z="12225.89" a="0.0" />
		<pos x="3471.93" z="12988.33" a="0.0" />
		<pos x="13933.42" z="13228.44" a="0.0" />
		<pos x="12022.64" z="9082.89" a="0.0" />
		<pos x="10468.54" z="2373.16" a="0.0" />
		<pos x="2725.48" z="5288.75" a="0.0" />
	</event>
    <event name="StaticBonfire">
		<zone smin="3" smax="5" dmin="3" dmax="5" r="55" />
		<pos x="8098.73" z="13023.365234" />
		<pos x="3544.050781" z="13316.836914" />
		<pos x="5198.47" z="8283.579102" />
		<pos x="5368.12" z="5514.980469" />
		<pos x="4300.169922" z="8880.824219" />
		<pos x="2640.818359" z="2428.48877" />
		<pos x="6380.73" z="10285.702148" />
		<pos x="2462.15" z="10404.454102" />
		<pos x="11939.46875" z="13976.334961" />
		<pos x="12777.670898" z="14114.373047" />
		<pos x="1527.56" z="11933.541016" />
		<pos x="9589.13" z="13894.06543" />
		<pos x="6322.37" z="8143.880859" />
		<pos x="915.21875" z="4513.677246" />
		<pos x="2399.349365" z="7721.992188" />
		<pos x="2257.371094" z="6329.823242" />
		<pos x="2776.65625" z="5098.637207" />
		<pos x="9109.445313" z="11616.038086" />
		<pos x="3197.33" z="7446.021484" />
		<pos x="3227.6875" z="4530.32666" />
		<pos x="10120.5625" z="10360.189453" />
		<pos x="12519.166992" z="9363.032227" />
		<pos x="8089.79" z="8794.119141" />
		<pos x="13237.445313" z="6675.368164" />
		<pos x="11925.793945" z="7252.30957" />
		<pos x="13695.864258" z="13402.77832" />
		<pos x="10044.792969" z="6761.147949" />
		<pos x="11426.875" z="5559.256836" />
		<pos x="5365.28" z="12746.762695" />
		<pos x="12969.140625" z="5545.638184" />
		<pos x="10921.165039" z="7750.292969" />
		<pos x="4551.41" z="4376.815918" />
		<pos x="7841.69" z="5130.316895" />
		<pos x="1162.39" z="10051.422852" />
		<pos x="4448.49" z="2556.612793" />
		<pos x="7639.34" z="3364.871826" />
		<pos x="12704.953125" z="4502.658691" />
		<pos x="956.85" z="5630.501953" />
		<pos x="6069.91" z="2010.810791" />
		<pos x="2106.65" z="15038.896484" />
		<pos x="4823.33" z="15120.301758" />
		<pos x="6972.40" z="7826.567383" />
		<pos x="6658.914063" z="14414.142578" />
		<pos x="6894.20" z="11423.288086" />
		<pos x="10115.518555" z="8512.210938" />
		<pos x="10416.680664" z="12511.383789" />
		<pos x="4573.76123" z="7261.095215" />
		<pos x="12257.058594" z="10796.082031" />
		<pos x="9951.79" z="6034.925781" />
		<pos x="9082.34" z="3591.036133" />
		<pos x="8441.041016" z="6495.19043" />
		<pos x="10275.750977" z="5027.681641" />
		<pos x="11994.90332" z="3533.764404" />
		<pos x="12757.879883" z="8318.629883" />
		<pos x="10684.129883" z="2380.826904" />
		<pos x="9770.167969" z="1994.664307" />
		<pos x="6937.67" z="5754.967773" />
		<pos x="8425.390625" z="11490.678711" />
		<pos x="11670.551758" z="12411.197266" />
		<pos x="12748.557617" z="14784.179688" />
		<pos x="14612.603516" z="14031.148438" />
		<pos x="13977.732422" z="14897.462891" />
		<pos x="1363.39" z="9308.64" />
	</event>
    <event name="Loot" />
    <event name="VehicleOffroadHatchback">
		<pos x="10967.148438" z="5494.307616" a="125.181313" />
		<pos x="11534.269531" z="5014.221679" a="150.176453" />
		<pos x="12896.135743" z="4453.044923" a="334.011871" />
		<pos x="9585.212891" z="13396.000976" a="87.996712" />
		<pos x="14034.884766" z="14716.9209" a="325.213226" />
		<pos x="5219.459472" z="4219.182129" a="244.063538" />
		<pos x="6495.133788" z="6181.312989" a="243.51564" />
		<pos x="9582.772461" z="14758.739259" a="300.422516" />
		<pos x="14025.90918" z="14266.795897" a="125.318275" />
		<pos x="5230.886719" z="5497.956544" a="296.108276" />
		<pos x="10793.807616" z="12470.28125" a="233.928436" />
		<pos x="9899.779298" z="10340.83496" a="89.845657" />
		<pos x="5968.523927" z="5654.93457" a="35.883495" />
		<pos x="12423.814453" z="14895.0459" a="318.569672" />
		<pos x="5837.734376" z="4882.799315" a="91.831573" />
		<pos x="1232.160644" z="3874.00464" a="283.576447" />
		<pos x="13078.68457" z="13125.545897" a="119.771378" />
		<pos x="9943.828126" z="15292.68164" a="86.079254" />
		<pos x="11442.866211" z="11363.060548" a="315.967407" />
		<pos x="10081.315429" z="13299.858399" a="269.811951" />
		<pos x="10539.982422" z="9701.252931" a="333.49826" />
		<pos x="4391.032227" z="4581.519532" a="306.036804" />
		<pos x="3259.710204" z="3863.399658" a="190.716599" />
		<pos x="9123.927733" z="3773.643066" a="185.718582" />
		<pos x="6754.291993" z="5595.911133" a="14.551986" />
		<pos x="9684.398436" z="6776.42334" a="232.90126" />
		<pos x="8344.581055" z="5456.51465" a="323.157806" />
		<pos x="11683.108398" z="6677.018556" a="264.94986" />
		<pos x="10441.624023" z="14488.532228" a="286.72644" />
		<pos x="189.897583" z="2375.636962" a="107.718956" />
		<pos x="4360.540529" z="3932.849854" a="34.99324" />
		<pos x="6769.606445" z="14154.241212" a="291.862488" />
		<pos x="3980.731934" z="14886.438475" a="127.715065" />
		<pos x="6361.454102" z="15022.159178" a="115.183197" />
		<pos x="5204.208985" z="14966.819335" a="84.298775" />
		<pos x="8554.221679" z="15004.344726" a="179.007706" />
		<pos x="7517.759767" z="13479.624023" a="58.002476" />
		<pos x="4441.248047" z="15221.948241" a="96.556686" />
		<pos x="5803.525878" z="14339.296876" a="263.717285" />
		<pos x="9210.220702" z="14566.439452" a="180.239838" />
		<pos x="2516.460448" z="12860.817382" a="165.926819" />
		<pos x="1246.00525" z="12014.671875" a="52.113224" />
		<pos x="1172.970093" z="10002.191406" a="81.38839" />
		<pos x="3202.115966" z="13738.081056" a="279.741516" />
		<pos x="188.869401" z="12533.565429" a="65.946167" />
		<pos x="173.83841" z="10408.898436" a="116.552834" />
		<pos x="2616.408202" z="15173.467773" a="181.678299" />
		<pos x="6714.455078" z="14366.298829" a="320.41861" />
		<pos x="5731.217286" z="13565.435546" a="83.203102" />
		<pos x="698.044921" z="5655.839845" a="264.607483" />
		<pos x="3374.655518" z="6438.325194" a="112.786423" />
		<pos x="731.093262" z="4614.77881" a="316.994659" />
		<pos x="401.609376" z="5180.114746" a="27.802856" />
		<pos x="266.369963" z="3771.34082" a="201.605942" />
		<pos x="8365.695312" z="10536.150392" a="286.315674" />
		<pos x="222.509995" z="7532.833985" a="342.811523" />
		<pos x="7842.441894" z="11571.214843" a="127.920494" />
		<pos x="9172.4834" z="11041.203125" a="38.554192" />
		<pos x="8838.80957" z="12048.776366" a="160.6539" />
		<pos x="6900.140136" z="9867.984376" a="287.274323" />
		<pos x="5261.272462" z="12629.513672" a="40.197708" />
		<pos x="1204.618531" z="8719.435547" a="8.286052" />
		<pos x="352.201264" z="9433.963867" a="7.121856" />
		<pos x="294.966553" z="8558.888673" a="322.541534" />
		<pos x="1039.427247" z="6697.102538" a="100.939415" />
		<pos x="8095.777344" z="9324.056642" a="337.538574" />
		<pos x="1567.00769" z="8987.469727" a="262.347626" />
		<pos x="5866.774903" z="11511.595702" a="87.037987" />
		<pos x="5709.894044" z="8665.878906" a="37.937878" />
		<pos x="7217.253906" z="11325.613282" a="312.201019" />
		<pos x="1245.506593" z="7909.728515" a="68.411476" />
		<pos x="2038.860597" z="7310.690919" a="4.314205" />
		<pos x="2511.67163" z="11006.207031" a="214.685638" />
		<pos x="3056.927002" z="7785.317384" a="304.05191" />
		<pos x="9074.924805" z="8018.091307" a="118.675713" />
		<pos x="4802.537108" z="6823.164062" a="181.380966" />
		<pos x="4706.666016" z="6311.534179" a="80.943275" />
		<pos x="2797.501708" z="9871.407227" a="213.315994" />
		<pos x="3688.735597" z="8255.378907" a="17.46236" />
		<pos x="7183.526854" z="7541.604005" a="250.295166" />
		<pos x="1218.171874" z="6215.999023" a="181.061844" />
    </event>
    <event name="StaticPoliceCar">
		<zone smin="1" smax="3" dmin="3" dmax="5" r="45" />
		<pos x="1846.316407" z="11492.649414" a="336.442993" />
		<pos x="1495.972169" z="11127.56543" a="308.914001" />
		<pos x="8492.21875" z="14207.077148" a="60.056885" />
		<pos x="2206.327637" z="11108.211914" a="339.045166" />
		<pos x="4579.460937" z="13194.56543" a="227.354401" />
		<pos x="5217.501466" z="12732.263672" a="343.701782" />
		<pos x="2848.601319" z="12378.595703" a="25.269096" />
		<pos x="5425.973634" z="12583.287109" a="355.000946" />
		<pos x="5839.234864" z="13552.630859" a="342.606171" />
		<pos x="6706.081055" z="14547.238282" a="272.756622" />
		<pos x="3375.157715" z="15220.704102" a="301.244232" />
		<pos x="3428.547119" z="13070.620116" a="54.578487" />
		<pos x="3019.298583" z="12639.953125" a="134.768494" />
		<pos x="7011.833985" z="12675.402345" a="269.812042" />
		<pos x="7169.686035" z="12720.74121" a="87.517349" />
		<pos x="4557.871582" z="14628.151368" a="280.152405" />
		<pos x="4902.746583" z="12876.462891" a="300.14859" />
		<pos x="3590.167237" z="13904.314454" a="279.844238" />
		<pos x="3278.57666" z="13062.666017" a="256.663849" />
		<pos x="4908.743652" z="15069.742187" a="94.707718" />
		<pos x="6477.115234" z="14975.001953" a="138.740341" />
		<pos x="3424.45288" z="13001.765626" a="224.067352" />
		<pos x="9228.607421" z="13306.115234" a="148.532974" />
		<pos x="3412.238526" z="13008.913086" a="334.730988" />
		<pos x="3293.047607" z="15030.124024" a="195.03183" />
		<pos x="3314.873536" z="15134.421874" a="55.05785" />
		<pos x="7563.429687" z="13509.110352" a="256.25293" />
		<pos x="1503.07727" z="11899.576172" a="165.380066" />
		<pos x="3692.910888" z="13100.75586" a="212.836655" />
		<pos x="3377.34668" z="12712.136718" a="53.619778" />
		<pos x="3751.73413" z="8902.541015" a="116.758255" />
		<pos x="8568.465821" z="9499.648438" a="349.591064" />
		<pos x="286.443145" z="9288.134766" a="194.48407" />
		<pos x="8682.101563" z="12865.848634" a="260.224731" />
		<pos x="2008.927368" z="7332.498535" a="114.292984" />
		<pos x="2734.218507" z="6626.498535" a="326.307922" />
		<pos x="4467.492676" z="8833.808593" a="49.031612" />
		<pos x="4963.83252" z="8141.924804" a="45.265228" />
		<pos x="8002.760743" z="12563.03418" a="297.227356" />
		<pos x="7601.313477" z="12607.905274" a="331.101501" />
		<pos x="8754.557617" z="11650.52539" a="64.165695" />
		<pos x="5847.531251" z="10116.125977" a="351.30307" />
		<pos x="354.778137" z="9446.000976" a="134.769531" />
		<pos x="1262.280274" z="6332.202148" a="0" />
		<pos x="2904.932129" z="7332.972169" a="225.98378" />
		<pos x="285.741363" z="9264.22168" a="212.97258" />
		<pos x="7733.816407" z="12617.568359" a="355.411865" />
		<pos x="7961.671386" z="12770.607423" a="218.862885" />
		<pos x="7732.523438" z="12646.649415" a="273.920746" />
		<pos x="8049.308106" z="12721.733399" a="314.049957" />
		<pos x="3817.246827" z="8851.874023" a="42.868431" />
		<pos x="8134.975099" z="12768.280273" a="1.711894" />
		<pos x="312.525115" z="9374.223633" a="194.141647" />
		<pos x="2514.712647" z="9657.835937" a="32.185566" />
		<pos x="374.860229" z="9431.859376" a="221.46405" />
		<pos x="5175.505372" z="8586.655273" a="349.248657" />
		<pos x="7178.767089" z="11328.140626" a="225.984833" />
		<pos x="432.662659" z="9458.779296" a="83.819427" />
		<pos x="6982.218751" z="11367.893554" a="15.38874" />
		<pos x="1053.94629" z="7594.208496" a="348.050262" />
		<pos x="8061.447267" z="9377.373047" a="357.329285" />
		<pos x="3043.517578" z="7991.415039" a="201.057083" />
		<pos x="3419.988281" z="3971.584717" a="272.277252" />
		<pos x="7183.958985" z="7666.49707" a="11.367666" />
		<pos x="5014.342773" z="6808.335448" a="93.818565" />
		<pos x="4606.385253" z="7300.848633" a="188.045837" />
		<pos x="2758.067138" z="5282.433593" a="91.420692" />
		<pos x="6368.157714" z="7570.418944" a="106.691696" />
		<pos x="2704.244385" z="5164.370606" a="200.029861" />
		<pos x="8692.044922" z="6517.912597" a="100.049149" />
		<pos x="8173.96875" z="8575.017579" a="279.604614" />
		<pos x="4403.510255" z="6416.036621" a="23.625641" />
		<pos x="7058.256836" z="7662.901856" a="249.062531" />
		<pos x="2887.799072" z="5467.34082" a="45.403248" />
		<pos x="5975.680177" z="7895.841797" a="315.008698" />
		<pos x="2677.786134" z="5622.519531" a="354.178192" />
		<pos x="7117.682128" z="6924.61377" a="196.812347" />
		<pos x="7181.491699" z="8287.335938" a="234.476318" />
		<pos x="5718.52539" z="6273.702636" a="140.589279" />
		<pos x="2730.50293" z="5360.529785" a="284.398193" />
		<pos x="2685.769287" z="5297.391602" a="0" />
		<pos x="2153.013428" z="4767.922363" a="84.642365" />
		<pos x="4717.331055" z="6356.003417" a="19.653736" />
		<pos x="7169.270507" z="7682.730468" a="101.281807" />
		<pos x="1696.488648" z="3848.89795" a="283.850372" />
		<pos x="2319.59253" z="3715.976562" a="357.686584" />
		<pos x="8775.321289" z="9101.499024" a="275.632751" />
		<pos x="8054.137696" z="7073.639649" a="305.96933" />
		<pos x="2546.741943" z="5254.680664" a="141.376785" />
		<pos x="3478.117187" z="4932.767578" a="134.838043" />
		<pos x="4759.644042" z="6755.006348" a="181.403336" />
		<pos x="2552.337646" z="5035.435058" a="121.072502" />
		<pos x="6062.539062" z="7766.814942" a="185.855606" />
		<pos x="5249.498047" z="6900.540038" a="78.067116" />
		<pos x="6557.404297" z="3503.904296" a="77.588844" />
		<pos x="5869.704102" z="3966.307861" a="354.727051" />
		<pos x="5856.94629" z="4686.653809" a="325.554596" />
		<pos x="2671.923096" z="3011.390382" a="241.529846" />
		<pos x="7512.050781" z="4994.336915" a="222.97168" />
		<pos x="8407.355469" z="4932.66504" a="288.541168" />
		<pos x="6166.503907" z="3602.125977" a="312.68042" />
		<pos x="5808.65332" z="3115.08789" a="88.681503" />
		<pos x="6768.842284" z="5807.603027" a="144.01329" />
		<pos x="7513.015626" z="4672.463867" a="343.564819" />
		<pos x="7534.23047" z="5914.440918" a="339.935364" />
		<pos x="6211.904296" z="3514.766846" a="165.106155" />
		<pos x="4385.506348" z="4676.535645" a="269.332581" />
		<pos x="2600.626221" z="3455.652589" a="240.091705" />
		<pos x="4302.312499" z="5498.162598" a="178.048859" />
		<pos x="6487.740234" z="6168.983888" a="242.556915" />
		<pos x="5856.059569" z="4667.697266" a="178.047852" />
		<pos x="4905.863281" z="5658.424805" a="240.844955" />
		<pos x="5908.659669" z="4858.768067" a="298.539276" />
		<pos x="7548.192872" z="5164.346191" a="5.820798" />
		<pos x="5760.576659" z="4141.095703" a="139.835999" />
		<pos x="6147.848633" z="3468.087891" a="331.03299" />
		<pos x="6328.270995" z="3335.192871" a="165.310516" />
		<pos x="5227.174805" z="3683.197754" a="344.729034" />
		<pos x="6184.526856" z="3114.820313" a="314.255463" />
		<pos x="5754.709473" z="3058.30005" a="251.390884" />
		<pos x="1819.690063" z="3455.348389" a="257.006226" />
		<pos x="7567.267577" z="5252.407715" a="147.437286" />
		<pos x="6496.124023" z="3641.374757" a="256.482513" />
		<pos x="5358.082031" z="2917.746094" a="259.403046" />
		<pos x="3210.554687" z="3488.519531" a="87.996704" />
		<pos x="1767.648682" z="3524.245606" a="306.243286" />
		<pos x="7480.643555" z="3174.699219" a="298.641968" />
		<pos x="8168.903321" z="3115.708741" a="301.745605" />
		<pos x="953.731933" z="2037.823853" a="214.069305" />
		<pos x="6847.009277" z="3557.210937" a="141.274063" />
		<pos x="782.449402" z="1914.130004" a="40.403145" />
		<pos x="874.584717" z="1968.203369" a="39.512917" />
		<pos x="1945.14087" z="2243.053222" a="9.724182" />
		<pos x="6839.467773" z="3043.290528" a="245.433075" />
		<pos x="1730.679077" z="2202.511474" a="104.979721" />
		<pos x="3174.348633" z="2577.561524" a="276.591461" />
		<pos x="3659.23999" z="2483.577636" a="62.933071" />
		<pos x="3554.563966" z="2422.773926" a="352.672699" />
		<pos x="3567.862061" z="2444.040528" a="263.032471" />
		<pos x="7004.566406" z="3175.184814" a="123.196434" />
		<pos x="3561.064454" z="2430.076905" a="310.009674" />
		<pos x="1892.817261" z="2246.965331" a="88.133698" />
		<pos x="7027.304198" z="4404.473633" a="171.816132" />
		<pos x="8243.867188" z="3076.30713" a="297.957184" />
		<pos x="1115.284301" z="2379.893799" a="196.812332" />
		<pos x="697.734131" z="1850.243165" a="234.339386" />
		<pos x="6397.213868" z="2861.517089" a="38.554192" />
		<pos x="6495.152343" z="2680.218505" a="109.636345" />
		<pos x="7764.286133" z="3166.350341" a="20.817894" />
		<pos x="8313.881836" z="3035.127196" a="101.966599" />
		<pos x="1163.732177" z="2408.620117" a="100.939407" />
		<pos x="726.368225" z="1893.166503" a="75.464867" />
		<pos x="6573.369141" z="2958.331787" a="349.043274" />
		<pos x="838.825318" z="1935.360351" a="42.868423" />
		<pos x="6207.464355" z="2910.660156" a="185.307739" />
		<pos x="6218.43457" z="2928.67871" a="73.410469" />
		<pos x="6400.722656" z="2756.946045" a="306.825317" />
		<pos x="6906.99463" z="3079.731934" a="347.194305" />
		<pos x="11681.729493" z="14740.074219" a="1.232574" />
		<pos x="6653.605957" z="2608.93213" a="228.176208" />
		<pos x="5800.126953" z="2635.519042" a="80.94326" />
		<pos x="3653.477295" z="2454.404542" a="268.031494" />
		<pos x="4507.052734" z="2445.855224" a="89.023888" />
		<pos x="6285.272461" z="2671.890137" a="223.177109" />
		<pos x="6372.684082" z="2626.47583" a="246.871216" />
		<pos x="6612.404785" z="2574.908936" a="284.603668" />
		<pos x="4585.657226" z="2589.440674" a="168.804062" />
		<pos x="6604.040527" z="2582.017334" a="160.586472" />
		<pos x="5933.708496" z="2480.515136" a="51.429546" />
		<pos x="6376.932129" z="2301.405029" a="328.362305" />
		<pos x="4847.499024" z="2583.644776" a="268.990173" />
		<pos x="5606.198731" z="2413.148682" a="310.2836" />
		<pos x="6469.108887" z="2409.991699" a="13.011169" />
		<pos x="5784.658691" z="2149.709717" a="261.115051" />
		<pos x="6497.174316" z="2520.667724" a="117.785522" />
		<pos x="6558.754394" z="2496.732178" a="148.190536" />
		<pos x="6503.137696" z="2281.359618" a="54.544193" />
		<pos x="4688.575683" z="2417.93872" a="138.329453" />
		<pos x="5977.048828" z="2210.192138" a="46.634834" />
		<pos x="8605.00879" z="2625.233643" a="346.372528" />
		<pos x="9400.407227" z="14554.622071" a="318.090363" />
		<pos x="11257.764649" z="14629.971679" a="11.847012" />
		<pos x="6698.014161" z="2385.001221" a="302.065979" />
		<pos x="10391.719727" z="15090.455079" a="270.976105" />
		<pos x="5270.88916" z="2097.744874" a="238.44812" />
		<pos x="6525.977051" z="2366.875245" a="285.082977" />
		<pos x="5892.535156" z="2201.418702" a="264.881439" />
		<pos x="6354.620606" z="2508.963867" a="42.663006" />
		<pos x="11420.436523" z="14714.110352" a="230.709915" />
		<pos x="11586.501953" z="14616.754884" a="247.692932" />
		<pos x="12054.27539" z="14417.865233" a="92.995743" />
		<pos x="9593.439453" z="13758.235351" a="77.998627" />
		<pos x="13832.499024" z="13222.797852" a="308.126465" />
		<pos x="11085.611327" z="12480.616212" a="211.26062" />
		<pos x="12285.821289" z="13850.325196" a="287.685181" />
		<pos x="13834.158203" z="13229.551758" a="288.097137" />
		<pos x="11510.859375" z="14480.635741" a="47.798981" />
		<pos x="12052.478515" z="13854.642578" a="171.748718" />
		<pos x="10889.232421" z="14306.441405" a="102.856834" />
		<pos x="11585.798828" z="14287.399415" a="283.097046" />
		<pos x="11698.814453" z="14510.17578" a="57.592663" />
		<pos x="12187.631836" z="14925.28711" a="279.330658" />
		<pos x="13554.052735" z="13807.986329" a="313.63913" />
		<pos x="13620.052734" z="13764.17871" a="119.565926" />
		<pos x="11549.583008" z="14095.850585" a="36.157398" />
		<pos x="13702.61914" z="13726.777343" a="102.959557" />
		<pos x="11093.124023" z="12474.970703" a="186.197937" />
		<pos x="13609.795898" z="13342.584962" a="260.361725" />
		<pos x="14037.660155" z="13373.144531" a="184.759888" />
		<pos x="13402.386718" z="14711.163086" a="188.526367" />
		<pos x="11806.083008" z="12564.770509" a="280.603546" />
		<pos x="13387.394531" z="14296.188477" a="275.701233" />
		<pos x="11839.185546" z="12366.926758" a="200.236343" />
		<pos x="9544.304687" z="11813.609374" a="115.868042" />
		<pos x="12922.543945" z="13897.160157" a="260.703064" />
		<pos x="11220.0625" z="12206.235351" a="59.543293" />
		<pos x="10902.523437" z="11623.077149" a="213.453003" />
		<pos x="12108.165038" z="13512.31543" a="206.331055" />
		<pos x="10903.79297" z="12410.675781" a="340.620178" />
		<pos x="11509.248046" z="14487.671875" a="196.264526" />
		<pos x="11337.910157" z="14327.18164" a="11.299178" />
		<pos x="11805.321289" z="14337.234374" a="49.80579" />
		<pos x="12123.011718" z="9739.905274" a="198.044983" />
		<pos x="12606.865234" z="9521.703124" a="70.328873" />
		<pos x="12506.969726" z="12510.160156" a="114.361481" />
		<pos x="14026.61621" z="13188.041016" a="205.029953" />
		<pos x="12934.564454" z="10173.832031" a="21.98205" />
		<pos x="12314.972656" z="9864.77246" a="78.135597" />
		<pos x="12859.874024" z="10014.646485" a="291.040771" />
		<pos x="10415.551758" z="9131.672852" a="284.672089" />
		<pos x="10519.248047" z="9137.364257" a="104.979721" />
		<pos x="10717.743164" z="10771.85547" a="238.585175" />
		<pos x="12840.606446" z="10177.989257" a="29.88236" />
		<pos x="10748.87207" z="8123.609864" a="226.703857" />
		<pos x="12197.711915" z="9544.164063" a="290.972229" />
		<pos x="12911.996095" z="9550.461914" a="18.352615" />
		<pos x="12888.818359" z="9355.654297" a="200.510254" />
		<pos x="13895.802735" z="13199.591797" a="11.641571" />
		<pos x="12644.057618" z="12179.176757" a="51.90778" />
		<pos x="10413.998048" z="9844.722656" a="33.89756" />
		<pos x="13101.706055" z="10371.005859" a="28.282209" />
		<pos x="9500.567383" z="8825.766601" a="91.763138" />
		<pos x="11954.005858" z="9002.874024" a="175.514053" />
		<pos x="12361.780273" z="9677.847656" a="75.426392" />
		<pos x="12050.419922" z="9073.944336" a="122.031235" />
		<pos x="13617.187501" z="11813.142577" a="43.827141" />
		<pos x="12048.713867" z="9063.695312" a="34.787796" />
		<pos x="12038.941407" z="9093.126953" a="334.046173" />
		<pos x="11814.862305" z="9082.923829" a="308.160736" />
		<pos x="9533.554688" z="8808.530274" a="310.694458" />
		<pos x="10401.453124" z="8957.030273" a="159.970184" />
		<pos x="12999.017577" z="10064.086914" a="167.092072" />
		<pos x="10666.076173" z="8085.182618" a="308.640045" />
		<pos x="13559.873046" z="11703.169922" a="198.181961" />
		<pos x="12052.383789" z="3483.12964" a="273.544159" />
		<pos x="10450.702149" z="2512.14038" a="54.92099" />
		<pos x="10410.65625" z="2440.30127" a="249.952789" />
		<pos x="11261.881836" z="5490.994142" a="268.78476" />
		<pos x="11180.85547" z="6601.666016" a="359.315277" />
		<pos x="11304.364258" z="6563.950683" a="66.905937" />
		<pos x="13398.860423" z="6583.558384" a="0" />
		<pos x="10166.513673" z="5517.394531" a="349.043274" />
		<pos x="13393.732422" z="6290.631835" a="76.766006" />
		<pos x="10551.091796" z="7036.868164" a="165.036652" />
		<pos x="10173.429687" z="5529.297852" a="251.322388" />
		<pos x="13452.652343" z="6148.471192" a="199.893906" />
		<pos x="13374.969727" z="6147.699218" a="10.614371" />
		<pos x="13389.86328" z="5416.825195" a="170.925858" />
		<pos x="10121.823243" z="4113.455567" a="321.788208" />
		<pos x="10253.11914" z="3972.18164" a="136.275024" />
		<pos x="10268.718751" z="2891.614258" a="344.934418" />
		<pos x="13203.30957" z="3945.397706" a="245.227646" />
		<pos x="11457.867187" z="6593.207519" a="106.828682" />
		<pos x="12877.304688" z="8603.004883" a="358.425049" />
		<pos x="13101.852538" z="7373.247559" a="176.06189" />
		<pos x="12844.654297" z="6222.231445" a="44.306522" />
		<pos x="12038.750001" z="3611.805908" a="4.999045" />
		<pos x="13114.995118" z="7321.116699" a="352.124817" />
		<pos x="10120.651367" z="5466.374023" a="96.762123" />
		<pos x="11907.705078" z="6433.461425" a="87.877869" />
		<pos x="11181.344726" z="6582.277345" a="226.943542" />
		<pos x="10238.585938" z="4076.770507" a="28.353546" />
		<pos x="12057.038085" z="3593.009765" a="152.367813" />
		<pos x="13185.791991" z="7190.483398" a="169.282379" />
		<pos x="9892.766602" z="6002.937988" a="0" />
		<pos x="12089.477539" z="9063.126953" a="273.715302" />
		<pos x="10464.362304" z="2263.772461" a="149.629684" />
		<pos x="10456.026367" z="2255.448974" a="120.046356" />
		<pos x="10783.725585" z="2579.189941" a="108.746078" />
		<pos x="10345.835937" z="1797.245728" a="190.854614" />
		<pos x="10510.848632" z="2273.419433" a="132.508591" />
		<pos x="10472.040039" z="2297.687257" a="241.050415" />
		<pos x="10306.126953" z="2155.722411" a="87.928207" />
		<pos x="10548.051758" z="2369.632323" a="44.272274" />
		<pos x="9507.558594" z="2015.703004" a="247.898407" />
		<pos x="10028.014648" z="2009.275269" a="171.918808" />
		<pos x="10124.178711" z="1862.899049" a="258.855164" />
		<pos x="10353.527344" z="2060.277831" a="48.209854" />
		<pos x="10478.968751" z="2322.480958" a="310.009674" />
		<pos x="10039.965819" z="1871.311158" a="191.264435" />
    </event>
	<event name="ItemPlanks">
		<pos x="13076.671875" z="8285.913086" a="1.301008" />
		<pos x="13078.390625" z="8287.134765" a="0" />
		<pos x="13073.042969" z="8202.088867" a="263.99115" />
		<pos x="13077.34375" z="8204.146484" a="358.630554" />
		<pos x="11921.515625" z="9041.642578" a="219.376587" />
		<pos x="11935.489258" z="9090.626953" a="309.701599" />
		<pos x="11955.758789" z="9117.453125" a="308.7771" />
		<pos x="11966.975586" z="9118.726562" a="309.667297" />
		<pos x="11920.602539" z="9074.069336" a="219.376587" />
		<pos x="12387.450195" y="23.354084" z="14321.573242" a="14.449216" />
		<pos x="12400.224609" y="23.336823" z="14295.517578" a="30.405025" />
		<pos x="12370.305664" y="23.372038" z="14329.095703" a="17.873245" />
		<pos x="12390.772461" y="23.353056" z="14301.666015" a="26.981014" />
		<pos x="12400.443359" y="23.394138" z="14324.355468" a="19.037394" />
		<pos x="12390.28125" y="23.353689" z="14324.669922" a="12.189404" />
		<pos x="12410.551758" y="23.470966" z="14330.120117" a="21.571148" />
		<pos x="12404.089844" y="23.326542" z="14316.613281" a="18.489544" />
		<pos x="8009.405273" z="12670.776367" a="89.023911" />
		<pos x="7974.992187" z="12624.799804" a="60.536243" />
		<pos x="7996.953613" z="12636.393554" a="60.947124" />
		<pos x="7987.254394" z="12631.05664" a="60.947124" />
		<pos x="12328.331055" y="23.38842" z="14348.315429" a="19.79059" />
		<pos x="12316.413086" y="23.392371" z="14350.617187" a="31.226759" />
		<pos x="12304.040039" y="23.418738" z="14355.505859" a="13.695896" />
		<pos x="12807.731445" z="9736.138672" a="9.792637" />
		<pos x="12796.327149" z="9733.498047" a="280.289368" />
		<pos x="12804.31836" z="9761.633789" a="7.943666" />
		<pos x="12732.55664" z="9733.36914" a="60.125389" />
		<pos x="12730.981445" z="9742.769531" a="53.482841" />
		<pos x="12740.044922" z="9734.092773" a="53.482841" />
		<pos x="12809.081055" z="9740.421875" a="9.792597" />
		<pos x="12815.120117" z="9736.41211" a="279.467621" />
		<pos x="12816.43457" z="9758.266601" a="95.187088" />
		<pos x="13519.355469" z="6333.373047" a="258.170349" />
		<pos x="13532.804688" z="6359.085449" a="0.068542" />
		<pos x="13526.215821" z="6319.155762" a="278.44043" />
		<pos x="13501.353516" z="6290.484375" a="275.153381" />
		<pos x="13500.830078" z="6286.168457" a="276.728424" />
		<pos x="12722.612305" z="9686.021484" a="10.203496" />
		<pos x="12805.65918" z="9638.598633" a="3.49239" />
		<pos x="12806.972656" z="9634.481445" a="3.49239" />
		<pos x="12798.683594" z="9621.393554" a="359.178375" />
		<pos x="12811.496094" z="9712.03125" a="278.782837" />
		<pos x="12816.670898" z="9718.041016" a="188.389404" />
		<pos x="12810.777344" z="9707.711914" a="281.248138" />
		<pos x="12814.926758" z="9726.358399" a="280.152435" />
		<pos x="12814.195313" z="9706.513672" a="279.947052" />
		<pos x="12819.226563" z="9724.297852" a="285.082977" />
		<pos x="12815.470703" z="9621.089843" a="2.80777" />
		<pos x="12820.097656" z="9620.875976" a="2.122924" />
		<pos x="12823.213867" z="9629.695312" a="3.49239" />
		<pos x="12810.362305" z="9638.137695" a="4.245701" />
		<pos x="12813.551758" z="9616.256836" a="2.80777" />
		<pos x="12821.427735" z="9605.257812" a="3.424055" />
		<pos x="12794.214844" z="9698.992188" a="281.179749" />
		<pos x="12800.143554" z="9700.886719" a="99.569809" />
		<pos x="12739.416992" z="9692.757812" a="9.655632" />
		<pos x="12802.717774" z="9713.895508" a="9.792637" />
		<pos x="12748.316406" z="9690.300781" a="11.162179" />
		<pos x="12802.544922" z="9708.478515" a="99.569809" />
		<pos x="12752.019531" z="9681.227539" a="9.655632" />
		<pos x="12736.076172" z="9691.761718" a="9.655632" />
		<pos x="12742.205078" z="9682.90625" a="9.655632" />
		<pos x="12789.205078" z="9710.327149" a="280.289368" />
		<pos x="12728.602539" z="9693.075195" a="9.655632" />
		<pos x="9874.344726" z="8737.953125" a="176.884842" />
		<pos x="9872.506836" z="8744.407226" a="343.017029" />
		<pos x="9866.914063" z="8739.34375" a="254.472473" />
		<pos x="9874.660156" z="8752.677735" a="257.143188" />
		<pos x="9874.711914" z="8742.283203" a="253.376816" />
		<pos x="9740.585938" z="8719.132812" a="359.315002" />
		<pos x="9744.788086" z="8719.043945" a="0.958801" />
		<pos x="9874.568359" z="8731.385742" a="166.475891" />
		<pos x="9865.911133" z="8735.890625" a="176.131485" />
		<pos x="9878.901367" z="8732.341797" a="351.645569" />
		<pos x="9875.181641" z="8712.188477" a="307.681305" />
		<pos x="9870.40332" z="8730.258789" a="166.88678" />
		<pos x="10110.060547" z="2081.885742" a="342.939117" />
		<pos x="10117.50586" z="2082.618896" a="342.939117" />
		<pos x="10116.456055" z="2083.578369" a="342.870605" />
		<pos x="10114.719727" z="2076.663818" a="342.939087" />
		<pos x="10117.689453" z="1990.826172" a="83.479172" />
		<pos x="10119.547851" z="1972.314819" a="82.51828" />
		<pos x="10269.488281" z="1904.516845" a="7.395817" />
		<pos x="10261.448242" z="1897.996093" a="358.973022" />
		<pos x="10244.226563" z="1848.153076" a="10.614371" />
		<pos x="10244.733399" z="1856.726684" a="3.971826" />
		<pos x="10238.09961" z="1852.310181" a="269.469604" />
		<pos x="13109.546875" z="10298.362305" a="105.733009" />
		<pos x="13110.439453" z="10306.607422" a="20.475475" />
		<pos x="13097.897461" z="10285.821289" a="17.667805" />
		<pos x="13099.880859" z="10292.016601" a="17.667805" />
		<pos x="13110.757813" z="10297.932617" a="286.795013" />
		<pos x="13109.75" z="10287.59375" a="18.010204" />
		<pos x="13131.990235" z="10264.807617" a="283.850342" />
		<pos x="13098.085938" z="10257.783203" a="14.723144" />
		<pos x="13103.644531" z="10252.09375" a="109.704834" />
		<pos x="14183.026367" z="13336.736328" a="7.73822" />
		<pos x="14179.783203" z="13333.641601" a="7.73822" />
		<pos x="14180.061524" z="13330.30664" a="7.73822" />
		<pos x="14161.660156" z="13336.804687" a="7.73822" />
		<pos x="14143.71875" z="13343.222656" a="7.73822" />
		<pos x="14166.016602" z="13332.188476" a="7.73822" />
		<pos x="14139.397461" z="13335.834961" a="7.73822" />
		<pos x="14146.841797" z="13339.852539" a="7.73822" />
		<pos x="14151.116211" z="13342.096679" a="7.73822" />
		<pos x="14170.982422" z="13336.358398" a="7.73822" />
		<pos x="14184.242188" z="13337.792968" a="7.73822" />
		<pos x="14169.207031" z="13339.80664" a="7.73822" />
		<pos x="14169.639649" z="13335.429687" a="7.73822" />
		<pos x="14149.06543" z="13334.529297" a="7.73822" />
		<pos x="14133.783203" z="13246.426758" a="72.109352" />
		<pos x="14129.516601" z="13256.146484" a="72.109352" />
		<pos x="14120.114258" z="13259.736328" a="78.341026" />
		<pos x="14120.258789" z="13242.240234" a="72.109352" />
		<pos x="14130.146484" z="13258.155273" a="72.109352" />
		<pos x="7738.860351" z="3575.142822" a="83.408546" />
		<pos x="7694.512207" z="3563.501953" a="257.417084" />
		<pos x="7733.536621" z="3565.436523" a="92.616524" />
		<pos x="7945.959473" z="3121.938477" a="269.948944" />
		<pos x="7926.263184" z="3079.554687" a="0" />
		<pos x="8025.72168" z="3064.592529" a="272.756592" />
		<pos x="8005.421387" z="3070.93335" a="274.674042" />
		<pos x="7979.573731" z="3013.095947" a="274.194672" />
		<pos x="7992.691894" z="3023.814941" a="91.420692" />
		<pos x="12665.763672" z="14723.815429" a="23.899487" />
		<pos x="12675.498047" z="14719.140625" a="23.899487" />
		<pos x="12681.706055" z="14721.887695" a="20.133087" />
		<pos x="12681.905273" z="14766.480469" a="96.625168" />
		<pos x="12659.807618" z="14757.935547" a="290.150482" />
		<pos x="12660.130859" z="14729.951172" a="27.665884" />
		<pos x="12676.230468" z="14754.051758" a="97.241493" />
		<pos x="12658.858398" z="14733.71582" a="31.63772" />
		<pos x="12658.477539" z="14776.269531" a="328.841705" />
		<pos x="12649.958985" z="14735.852539" a="324.73291" />
		<pos x="12658.132813" z="14729.114257" a="21.297253" />
		<pos x="12672.935547" z="14744.046875" a="315.14566" />
		<pos x="12664.855469" z="14772.922851" a="330.142792" />
		<pos x="12655.588868" z="14733.943359" a="301.175812" />
		<pos x="12675.604492" z="14727.668945" a="23.899487" />
		<pos x="11445.987305" z="7559.382812" a="1.848962" />
		<pos x="11490.739258" z="7473.624512" a="287.342804" />
		<pos x="11456.751953" z="7470.324218" a="16.024292" />
		<pos x="11474.754883" z="7464.648437" a="16.29822" />
		<pos x="11437.723633" z="7449.45166" a="278.371918" />
		<pos x="11443.681641" z="7492.14209" a="286.863434" />
		<pos x="11444.911133" z="7496.386231" a="286.863434" />
		<pos x="5754.408203" z="15236.02539" a="346.098633" />
		<pos x="5702.834473" z="15228.216797" a="348.700867" />
		<pos x="5764.909668" z="15232.669922" a="349.933624" />
		<pos x="5749.317383" z="15233.164063" a="256.595398" />
		<pos x="5764.748047" z="15236.993164" a="348.153046" />
		<pos x="5773.838867" z="15240.164063" a="251.356689" />
		<pos x="5767.381348" z="15239.298828" a="257.040497" />
		<pos x="5786.375" z="15242.588867" a="349.728027" />
		<pos x="5780.312012" z="15235.557617" a="347.194458" />
		<pos x="5795.013184" z="15238.386719" a="347.057495" />
		<pos x="5720.727539" z="15200.148437" a="346.578247" />
		<pos x="5717.460449" z="15205.724609" a="341.85318" />
		<pos x="5722.523926" z="15192.548828" a="343.496552" />
		<pos x="5727.743653" z="15207.009765" a="345.14032" />
		<pos x="5732.228516" z="15195.044922" a="347.057526" />
		<pos x="5712.151367" z="15207.162109" a="77.587738" />
		<pos x="5726.197266" z="15211.127929" a="346.920776" />
		<pos x="5713.755859" z="15196.513672" a="223.588043" />
		<pos x="2031.433228" z="12200.404297" a="332.402588" />
		<pos x="2090.325196" z="12171.112305" a="331.512482" />
		<pos x="2081.756836" z="12180.36914" a="331.033203" />
		<pos x="2074.642822" z="12166.502929" a="43.073875" />
		<pos x="2090.836182" z="12178.692383" a="330.485321" />
		<pos x="2039.833374" z="12187.648437" a="324.458954" />
		<pos x="2091.858155" z="12176.574219" a="329.458099" />
		<pos x="2094.192871" z="12184.066406" a="335.073364" />
		<pos x="2092.018555" z="12186.178711" a="331.855042" />
		<pos x="2047.730469" z="12173.645508" a="327.609039" />
		<pos x="2083.696778" z="12178.030273" a="330.690643" />
		<pos x="2078.187744" z="12188.166015" a="330.896332" />
		<pos x="2091.752686" z="12168.673828" a="331.512482" />
		<pos x="2085.215821" z="12172.87207" a="331.512482" />
		<pos x="2105.69458" z="12177.613281" a="332.060303" />
		<pos x="2103.16919" z="12181.260742" a="331.512482" />
		<pos x="2098.926758" z="12172.944336" a="330.485291" />
		<pos x="2099.445313" z="12190.282226" a="331.855042" />
		<pos x="2098.313233" z="12184.53418" a="331.512634" />
		<pos x="2909.883789" z="12653.813477" a="270.633728" />
		<pos x="2947.258056" z="12656.566406" a="92.65332" />
		<pos x="2908.657715" z="12631.176758" a="252.691986" />
		<pos x="2920.175293" z="12634.266601" a="91.078308" />
		<pos x="2930.356446" z="12614.588867" a="2.122832" />
		<pos x="2936.185059" z="12617.631836" a="268.853241" />
		<pos x="3478.141602" y="221.353454" z="12493.0625" a="348.084534" />
		<pos x="3454.176026" y="221.401077" z="12484.652344" a="352.056519" />
		<pos x="3456.257569" y="221.409943" z="12490.993164" a="350.207611" />
		<pos x="3469.685791" y="221.376603" z="12491.176758" a="346.578003" />
		<pos x="3465.594483" y="221.387115" z="12490.246094" a="349.248718" />
		<pos x="3527.208252" z="12504.574218" a="358.561951" />
		<pos x="3522.328369" z="12500.949218" a="15.613448" />
		<pos x="3531.756104" z="12504.541992" a="0" />
		<pos x="3508.76416" z="12494.967773" a="77.108398" />
		<pos x="5037.593262" z="12748.893555" a="299.874573" />
		<pos x="5040.127441" z="12750.576172" a="30.336588" />
		<pos x="5039.411133" z="12739.877929" a="28.830053" />
		<pos x="5031.319824" z="12736.768554" a="28.967005" />
		<pos x="5038.928711" z="12736.674804" a="28.830053" />
		<pos x="5035.586426" z="12742.009765" a="29.377865" />
		<pos x="5034.15625" z="12741.327148" a="29.377865" />
		<pos x="5094.031739" z="12744.641601" a="339.72998" />
		<pos x="5052.228028" z="12728.085938" a="297.135437" />
		<pos x="5072.927246" z="12745.148438" a="304.188843" />
		<pos x="5043.216309" z="12737.730468" a="28.830053" />
		<pos x="5051.949707" z="12746.199218" a="28.830053" />
		<pos x="5044.844727" z="12741.669922" a="28.830008" />
		<pos x="5090.549316" z="12716.808593" a="40.471615" />
		<pos x="5047.536133" z="12733.80664" a="28.830053" />
		<pos x="5044.006836" z="12729.294922" a="28.830053" />
		<pos x="5047.826172" z="12745.34375" a="28.830053" />
		<pos x="5053.058106" z="12740.451172" a="28.830053" />
		<pos x="5232.464844" z="9805.042968" a="359.657928" />
		<pos x="5252.402344" z="9801.219726" a="359.657928" />
		<pos x="5238.518555" z="9815.938476" a="0.205597" />
		<pos x="5228.328125" z="9797.185547" a="269.606506" />
		<pos x="5269.815918" z="9806.910156" a="269.949219" />
		<pos x="5253.898926" z="9841.001953" a="357.945679" />
		<pos x="7351.698731" z="3334.414795" a="349.659576" />
		<pos x="7335.408691" z="3331.078614" a="168.256302" />
		<pos x="7339.505859" z="3331.868164" a="169.283508" />
		<pos x="7271.191895" z="3297.642578" a="334.662445" />
		<pos x="7505.517578" z="3203.712402" a="355.754242" />
		<pos x="7504.115235" z="3248.217041" a="354.590088" />
		<pos x="7524.784668" z="3255.615723" a="262.963989" />
		<pos x="7586.259278" z="3236.509277" a="7.943666" />
		<pos x="7099.358399" z="2843.353515" a="340.414734" />
		<pos x="7085.802735" z="2839.934814" a="347.399689" />
		<pos x="7081.40332" z="2884.347656" a="162.024689" />
		<pos x="7075.07666" z="2880.796631" a="165.037827" />
		<pos x="7065.130859" z="2876.728028" a="162.024689" />
		<pos x="7076.697754" z="2878.290527" a="345.413879" />
		<pos x="7074.533691" z="2879.309815" a="169.625946" />
		<pos x="7064.24707" z="2875.118897" a="164.421463" />
		<pos x="933.016663" z="7699.465332" a="354.590088" />
		<pos x="912.027832" z="7628.303711" a="257.828094" />
		<pos x="915.195862" z="7616.249512" a="255.088867" />
		<pos x="926.732422" y="182.350967" z="7627.197265" a="78.821495" />
		<pos x="931.792297" y="182.350967" z="7629.589843" a="78.821495" />
		<pos x="935.540954" y="182.350967" z="7617.572754" a="74.781197" />
		<pos x="926.714477" y="182.350967" z="7612.134765" a="80.054131" />
		<pos x="925.535949" y="182.350967" z="7626.286621" a="81.629181" />
		<pos x="924.539429" y="182.350967" z="7632.734375" a="348.975891" />
		<pos x="914.159119" z="7615.238282" a="257.759521" />
		<pos x="924.153992" y="182.350967" z="7626.669922" a="259.676971" />
		<pos x="917.678406" z="7606.476074" a="257.759521" />
		<pos x="918.41095" z="7602.36084" a="263.169434" />
		<pos x="933.795837" y="182.350967" z="7618.602051" a="78.821495" />
		<pos x="958.14148" z="7588.710938" a="258.375793" />
		<pos x="958.89502" z="7584.558106" a="259.950836" />
		<pos x="1010.412781" z="7628.45459" a="79.916069" />
		<pos x="1004.494568" z="7627.717773" a="79.916069" />
		<pos x="1003.984314" z="7637.921875" a="261.662842" />
		<pos x="1003.147705" z="7635.628418" a="79.916069" />
		<pos x="1005.502564" z="7628.960449" a="260.019318" />
		<pos x="1030.135864" z="7589.873047" a="261.731354" />
		<pos x="923.317444" z="7568.845215" a="259.539978" />
		<pos x="921.47052" z="7577.171875" a="253.171356" />
		<pos x="924.270996" z="7570.789551" a="260.704132" />
		<pos x="923.031128" z="7577.467285" a="258.033386" />
		<pos x="925.006836" z="7566.349121" a="261.183502" />
		<pos x="915.277222" z="7690.894043" a="348.906311" />
		<pos x="918.997315" z="7686.04834" a="259.334503" />
		<pos x="1007.907776" z="7643.681153" a="260.019318" />
		<pos x="1008.563965" z="7639.593261" a="78.546463" />
		<pos x="959.642395" z="7580.413086" a="258.101929" />
		<pos x="2256.903565" z="5227.871582" a="347.125793" />
		<pos x="2254.247559" z="5232.623047" a="348.837799" />
		<pos x="2253.128907" z="5233.552246" a="348.837799" />
		<pos x="2268.323975" z="5224.006347" a="347.947571" />
		<pos x="2267.121582" z="5230.684571" a="263.03244" />
		<pos x="2252.962403" y="186.714187" z="5195.429199" a="349.591064" />
		<pos x="2272.76709" z="5219.942871" a="262.210724" />
		<pos x="2260.682617" y="186.699295" z="5192.599609" a="78.340996" />
		<pos x="2274.034668" y="186.686782" z="5197.663574" a="349.111694" />
		<pos x="2276.657715" y="186.686981" z="5195.403808" a="78.546432" />
		<pos x="2261.663574" y="186.69696" z="5197.101074" a="349.591064" />
		<pos x="2228.509277" z="5157.542481" a="167.708405" />
		<pos x="2222.846924" z="5150.242187" a="349.111694" />
		<pos x="2224.421875" z="5156.640625" a="347.605164" />
		<pos x="2232.497803" z="5158.349121" a="348.894257" />
		<pos x="1865.584107" z="2150.645263" a="344.386627" />
		<pos x="1863.170044" z="2148.364013" a="75.738792" />
		<pos x="1856.835205" z="2146.780273" a="74.43766" />
		<pos x="3606.447998" z="2223.9292" a="198.866821" />
		<pos x="3574.195069" z="2214.925293" a="294.601654" />
		<pos x="3609.658936" z="2237.22168" a="287.890656" />
		<pos x="3596.823486" z="2236.208984" a="20.201563" />	
    </event>
    <event name="VehicleTruck01">
		<pos x="2906.678223" z="9736.077148" a="320.966431" />
		<pos x="1577.859375" z="10434.791992" a="80.463913" />
		<pos x="4986.84033199999" z="12949.183594" a="272.756622" />
		<pos x="7041.07714800001" z="14531.375977" a="339.113647" />
		<pos x="5960.12353499999" z="10146.770508" a="209.48114" />
		<pos x="8667.68457000001" z="13278.957031" a="307.270477" />
		<pos x="5664.54345699999" z="13129.942383" a="213.042114" />
		<pos x="4832.31787100001" z="10236.03125" a="0.753294" />
		<pos x="5276.04248100001" z="10581.310547" a="147.848145" />
		<pos x="1045.96264700001" z="9971.117188" a="128.536819" />
		<pos x="5227.710938" z="11521.333984" a="136.686966" />
		<pos x="7702.66503900001" z="12682.482422" a="0" />
		<pos x="3789.95263700001" z="13001.110352" a="70.260406" />
		<pos x="1798.839722" z="9127.887695" a="37.321552" />
		<pos x="2009.38977099999" z="10077.943359" a="87.722778" />
		<pos x="7735.35498" z="14834.541016" a="275.906708" />
		<pos x="8857.023437" z="11649.842774" a="13.832942" />
		<pos x="4131.82128900001" z="13122.179687" a="193.593796" />
		<pos x="2276.99926800001" z="15255.469727" a="55.468719" />
		<pos x="1522.324341" z="14049.371094" a="119.360489" />
		<pos x="3251.31542999999" z="13731.794922" a="322.267578" />
		<pos x="5770.53076200001" z="15185.775391" a="270.976105" />
		<pos x="4406.640625" z="13568.414062" a="153.805893" />
		<pos x="5262.25341800001" z="6515.275879" a="62.179768" />
		<pos x="7748.41308599999" z="5119.57666" a="0" />
		<pos x="3575.642578" z="6990.220703" a="0" />
		<pos x="7791.01318400001" z="6910.817383" a="52.525162" />
		<pos x="7076.023438" z="2689.005371" a="181.130402" />
		<pos x="6427.40136700001" z="6204.350586" a="37.047661" />
		<pos x="3633.46972699999" z="3692.717285" a="218.999878" />
		<pos x="4541.975098" z="4531.494141" a="142.575211" />
		<pos x="4429.65283199999" z="8215.291992" a="55.194813" />
		<pos x="2220.08911100001" z="5200.035645" a="75.053986" />
		<pos x="560.18658400001" z="5410.156738" a="279.673065" />
		<pos x="4637.47607400001" z="9505.052734" a="0" />
		<pos x="8405.373047" z="6596.034668" a="232.353455" />
		<pos x="6944.259766" z="7693.539063" a="331.443878" />
		<pos x="1364.59228499999" z="4114.649414" a="44.10107" />
		<pos x="8409.63378900001" z="4441.648926" a="127.304131" />
		<pos x="323.456787000003" z="3020.537353" a="221.739044" />
		<pos x="2206.37280300001" z="3372.271973" a="96.00885" />
		<pos x="3012.48950200001" z="6762.072754" a="122.374695" />
		<pos x="1277.92517100001" z="6371.556152" a="0" />
		<pos x="2041.32251" z="12167.145508" a="153.463516" />
		<pos x="7299.304687" z="3309.203125" a="254.266998" />
		<pos x="10554.303711" z="14322.004883" a="247.898376" />
		<pos x="6265.714844" z="3786.625244" a="279.87851" />
		<pos x="10362.692383" z="7419.507324" a="302.408447" />
		<pos x="9004.064453" z="5989.230469" a="143.055649" />
		<pos x="2733.10790999999" z="5996.250488" a="33.623638" />
		<pos x="5339.34521500001" z="8617.464844" a="35.883469" />
		<pos x="5678.402344" z="2970.320557" a="97.549156" />
		<pos x="10224.086914" z="1893.061279" a="6.437118" />
		<pos x="13058.676758" z="7050.820801" a="163.257202" />
		<pos x="11327.027344" z="12564.874023" a="295.35495" />
		<pos x="12031.15625" z="14331.597656" a="333.292877" />
		<pos x="7414.63378900001" z="2902.156738" a="343.838745" />
		<pos x="9372.82714899999" z="2017.390381" a="170.035629" />
		<pos x="13448.585938" z="14281.957031" a="135.727158" />
		<pos x="12373.672852" z="14194.493164" a="200.236343" />
		<pos x="12766.938476" z="9737.385742" a="279.399139" />
		<pos x="12291.955078" z="9180.900391" a="332.745056" />
		<pos x="9914.125" z="6694.112793" a="81.011742" />
		<pos x="9851.080078" z="8710.079102" a="0" />
		<pos x="11758.238281" z="6440.636719" a="296.656067" />
		<pos x="12659.405273" z="8792.730469" a="231.326279" />
		<pos x="7043.71728499999" z="2621.930664" a="232.216537" />
		<pos x="12046.332031" z="5117.61377" a="89.640213" />
		<pos x="12899.3125" z="6273.381836" a="0" />
		<pos x="10289.288086" z="14176.59082" a="140.384918" />
		<pos x="2253.827881" z="10861.227539" a="0" />
		<pos x="4193.80126899999" z="8920.323242" a="0" />
		<pos x="6324.339844" z="7708.424805" a="222.903198" />
		<pos x="5281.71923799999" z="5511.82666" a="192.224182" />
		<pos x="8214.02050799999" z="9051.356445" a="44.922832" />
		<pos x="981.09515400001" z="7679.972168" a="80.600868" />
		<pos x="9186.63964899999" z="8092.54248" a="173.940063" />
		<pos x="4045.41772500001" z="11620.316406" a="204.550583" />
		<pos x="4957.879395" z="13034.267578" a="91.284721" />
		<pos x="7711.22558599999" z="3541.843994" a="48.75769" />
		<pos x="5258.474609" z="9789.59082" a="86.62709" />
		<pos x="4812.191895" z="10559.25293" a="46.977211" />
		<pos x="7203.16845699999" z="8263.751953" a="102.514442" />
		<pos x="5081.93457000001" z="12738.611328" a="218.451981" />
		<pos x="289.986877999996" z="6591.820801" a="109.054245" />
		<pos x="2311.394287" z="5205.620117" a="349.248779" />
		<pos x="3040.47363299999" z="12342.300781" a="257.143219" />
		<pos x="3115.17065399999" z="9212.78418" a="216.740021" />
		<pos x="1927.79577600001" z="8118.223633" a="11.504614" />
		<pos x="11119.620117" z="11950.378906" a="215.301926" />
		<pos x="12252.349609" z="10592.27832" a="0" />
		<pos x="10268.226563" z="9484.834961" a="180.993469" />
		<pos x="1832.74523900001" z="2141.662842" a="260.567139" />
		<pos x="9788.37207000001" z="12659.518555" a="337.059235" />
		<pos x="3588.894531" z="2191.542969" a="89.708694" />
		<pos x="12739.316406" z="15065.678711" a="28.624598" />
		<pos x="4962.44042999999" z="2423.164063" a="51.222984" />
		<pos x="12447.697266" z="12526.000977" a="95.597969" />
		<pos x="9684.46582000001" z="8900.208984" a="115.251694" />
		<pos x="11443.111328" z="7523.010254" a="182.020721" />
		<pos x="8076.94482400001" z="3367.088135" a="285.21994" />
		<pos x="12658.772461" z="14744.561523" a="294.310059" />
		<pos x="13471.389648" z="13067.444336" a="298.094177" />
		<pos x="11714.461914" z="14243.904297" a="265.429199" />
		<pos x="12304.988281" z="14322.949219" a="284.192749" />
		<pos x="11951.045898" z="12505.055664" a="22.119007" />
		<pos x="10933.639648" z="13386.339844" a="20.270037" />
		<pos x="11617.635742" z="7294.687988" a="218.41774" />
		<pos x="12907.009766" z="6278.379395" a="64.131432" />
		<pos x="9901.132813" z="5467.663574" a="102.445946" />
		<pos x="10257.797851" z="3617.499512" a="270.770691" />
	</event>
    <event name="VehicleTransitBus" />
    <event name="InfectedVillage" />
    <event name="InfectedSolitude" />
    <event name="InfectedArmy" />
    <event name="InfectedCity" />
    <event name="InfectedMedic" />
    <event name="InfectedPolice" />
    <event name="InfectedFirefighter" />
    <event name="InfectedPrisoner" />
    <event name="AnimalDeer" />
    <event name="AnimalCow" />
    <event name="AnimalSheep" />
    <event name="AnimalRoeDeer" />
    <event name="AnimalWolf" />
    <event name="AnimalWildBoar" />
</eventposdef>
