<?xml version="1.0" encoding="UTF-8" standalone="yes"?>
<playerspawnpoints>
    <!--
        Spawn points settings for newly created player characters
    -->
    <fresh>
        <!-- runtime parameters used when player is spawning -->
        <spawn_params>
            <!-- used to rate point against infected -->
            <min_dist_infected>30.0</min_dist_infected>
            <max_dist_infected>70.0</max_dist_infected>
            <!-- used to rate point against other players -->
            <min_dist_player>25.0</min_dist_player>
            <max_dist_player>70.0</max_dist_player>
            <!-- used to rate point against buildings -->
            <min_dist_static>0.5</min_dist_static>
            <max_dist_static>2.0</max_dist_static>
        </spawn_params>

        <!--
            Generator parameters

            Spawn points are generated around positions given inside <generator_posbubbles> element.
            Around every position is created a rectangle with given dimensions.
            This rectangle is then sampled for spawn point candidates in form of a grid.
        -->
        <generator_params>
            <!--
                Density is sample frequency of created rectangle.

                example:                         example:
                  density 4                        density 8

                grid will look like this:        grid will look like this:

                  +-----+-----+-----+-----+        +--+--+--+--+--+--+--+--+
                  |     |     |     |     |        |  |  |  |  |  |  |  |  |
                  |     |     |     |     |        +--+--+--+--+--+--+--+--+
                  |     |     |     |     |        |  |  |  |  |  |  |  |  |
                  +-----+-----+-----+-----+        +--+--+--+--+--+--+--+--+
                  |     |     |     |     |        |  |  |  |  |  |  |  |  |
                  |     |     |     |     |        +--+--+--+--+--+--+--+--+
                  |     |     |     |     |        |  |  |  |  |  |  |  |  |
                  +-----+-----+-----+-----+        +--+--+--+--+--+--+--+--+
                  |     |     |     |     |        |  |  |  |  |  |  |  |  |
                  |     |     |     |     |        +--+--+--+--+--+--+--+--+
                  |     |     |     |     |        |  |  |  |  |  |  |  |  |
                  +-----+-----+-----+-----+        +--+--+--+--+--+--+--+--+
                  |     |     |     |     |        |  |  |  |  |  |  |  |  |
                  |     |     |     |     |        +--+--+--+--+--+--+--+--+
                  |     |     |     |     |        |  |  |  |  |  |  |  |  |
                  +-----+-----+-----+-----+        +--+--+--+--+--+--+--+--+

                Every '+' represents a spawn point candidate.
                Blank areas are space between each spawn point.
                Width of each area is exaclty width / density.
                Height of each area is exaclty height / density.
            -->
            <grid_density>8</grid_density>
            <!-- total width of grid in metres -->
            <grid_width>40.0</grid_width>
            <!-- total height of grid in metres -->
            <grid_height>40.0</grid_height>
            <!--  minimum distance from buildings for valid spawn point -->
            <min_dist_static>0.5</min_dist_static>
            <!--  maximum distance from buildings used to rate valid spawn point -->
            <max_dist_static>2.0</max_dist_static>
            <!-- terrain slope limits for valid spawn point -->
            <min_steepness>-45</min_steepness>
            <max_steepness>45</max_steepness>
        </generator_params>

        <!-- centers for grids of spawn points -->
        <generator_posbubbles>
       <pos x="3731.11" z="6012.97" a="0.0" />
       <pos x="3548.40" z="13101.59" a="0.0" />
         </generator_posbubbles>
    </fresh>

    <!--
        Spawn points settings for server hoppers
    -->
    <hop>
        <generator_posbubbles>
			<pos x="11425.713867" z="8375.735352" />
			<pos x="10193.126953" z="3503.011963" />
			<pos x="9710.897461" z="4055.074951" />
			<pos x="6068.219727" z="4282.994141" />
			<pos x="9978.574219" z="3372.915771" />
			<pos x="12416.175781" z="6496.170898" />
			<pos x="12781.913086" z="12758.90918" />
			<pos x="10862.705078" z="4140.321289" />
			<pos x="13653.881836" z="12634.893555" />
			<pos x="10747.46875" z="9352.09668" />
			<pos x="12898.494141" z="13220.595703" />
			<pos x="9314.806641" z="3260.122559" />
			<pos x="12806.963867" z="13942.636719" />
			<pos x="9387.511719" z="3836.219971" />
			<pos x="9191.041016" z="3454.175537" />
			<pos x="5385.713379" z="3093.185547" />
			<pos x="13578.6875" z="15111.851562" />
			<pos x="13759.144531" z="14324.72168" />
			<pos x="13305.239258" z="14636.71875" />
			<pos x="14578.521484" z="14967.417969" />
			<pos x="12266.399414" z="13393.240234" />
			<pos x="13241.455078" z="15033.694336" />
			<pos x="4148.154297" z="3167.973389" />
			<pos x="6228.576172" z="4119.666504" />
			<pos x="12788.012695" z="13473.851562" />
			<pos x="13391.03125" z="13612.583984" />
			<pos x="6426.700195" z="4464.628418" />
			<pos x="7363.343262" z="3797.115234" />
			<pos x="14718.521484" z="14383.519531" />
			<pos x="4676.262207" z="2279.080811" />
			<pos x="8129.1875" z="3591.50293" />
			<pos x="7613.116211" z="4398.063965" />
			<pos x="3651.632813" z="2622.846191" />
			<pos x="5147.469238" z="2649.678711" />
			<pos x="5777.771484" z="3661.684326" />
			<pos x="3686.027588" z="3134.467041" />
			<pos x="5254.775391" z="3499.279785" />
			<pos x="12579.53125" z="13656.8125" />
			<pos x="6585.75" z="4117.222656" />
			<pos x="5362.520996" z="4160.546387" />
			<pos x="4717.306641" z="3339.702393" />
			<pos x="5132.26709" z="3134.414551" />
			<pos x="3977.285156" z="2548.577881" />
			<pos x="6878.91748" z="4674.658203" />
			<pos x="5455.159668" z="3588.663818" />
			<pos x="12572.707031" z="7024.10791" />
			<pos x="8535.689453" z="4022.501953" />
			<pos x="12766.19043" z="13723.362305" />
			<pos x="11843.758789" z="7765.994141" />
			<pos x="11853.429688" z="8230.793945" />
			<pos x="11572.470703" z="7105.208496" />
			<pos x="12520.990234" z="11599.359375" />
			<pos x="11731.935547" z="4477.341309" />
			<pos x="11273.504883" z="4953.779297" />
			<pos x="13439.634766" z="12708.736328" />
			<pos x="12485.30957" z="7775.859863" />
			<pos x="11112.398438" z="10762.932617" />
			<pos x="12065.583008" z="11009.730469" />
			<pos x="11806.513672" z="5800.958984" />
			<pos x="10995.729492" z="8609.696289" />
			<pos x="11114.478516" z="8910.512695" />
			<pos x="13112.764648" z="11869.222656" />
			<pos x="11289.986328" z="10402.891602" />
			<pos x="13033.283203" z="12174.615234" />
			<pos x="11550.214844" z="6315.057617" />
			<pos x="11460.086914" z="5209.641602" />
			<pos x="13311.447266" z="11420.569336" />
			<pos x="12636.652344" z="11945.708984" />
			<pos x="11999.428711" z="6891.912598" />
			<pos x="11961.484375" z="10454.326172" />
			<pos x="12960.241211" z="13002.477539" />
			<pos x="12727.026367" z="13092.181641" />
			<pos x="11395.348633" z="8193.254883" />
			<pos x="10925.960938" z="4789.584961" />
			<pos x="12059.99707" z="11833.283203" />
			<pos x="13680.104492" z="12259.167969" />
			<pos x="12981.395508" z="12410.061523" />
			<pos x="13836.974609" z="11677.738281" />
			<pos x="11141.378906" z="9809.960937" />
			<pos x="13061.331055" z="4878.988281" />
			<pos x="10896.544922" z="3410.745605" />
			<pos x="9548.794922" z="3448.296875" />
			<pos x="12679.572266" z="5200.085449" />
			<pos x="12563.265625" z="4573.602051" />
			<pos x="13272.728516" z="4711.002441" />
			<pos x="11668.048828" z="3721.703857" />
			<pos x="9821.957031" z="3043.929932" />
			<pos x="12172.844727" z="5436.685547" />
			<pos x="10619.693359" z="3618.102539" />
			<pos x="9397.574219" z="2701.269287" />
			<pos x="11192.296875" z="3939.121826" />
			<pos x="12758.40625" z="4998.710937" />
			<pos x="12935.583008" z="6012.824707" />
			<pos x="10468.818359" z="4070.664551" />
			<pos x="9621.257813" z="3773.397705" />
			<pos x="9838.686523" z="3858.936035" />
			<pos x="10618.681641" z="3154.270508" />
			<pos x="13585.946289" z="12983.423828" />
			<pos x="12979.307617" z="13857.445313" />
			<pos x="13613.870117" z="4069.193359" />
        </generator_posbubbles>
    </hop>

    <!--
        Spawn points settings for travellers
    -->
    <travel>
        <generator_posbubbles>
			<pos x="6396.44" z="7507.93" />
        </generator_posbubbles>
    </travel>
</playerspawnpoints>